Alternative_Address_UPRN,Estimate_Age,First_Name,Household_ID,Last_Name,Sex,Visitor_Address,Visitor_Address_Country,Visitor_Address_Postcode,Visitor_ID,Visitor_Day_Of_Birth,Visitor_Month_Of_Birth,Visitor_Year_Of_Birth,Visitor_Age,Visitor_Age_Last_Birthday
813620954264,1,Lynda,76469428618204392,Williams,1,"Flat 17
Burns expressway, Seanport",498,N43 9ZL,7468350536846072655,14,9,1955,64,64
224372008408,1,Henry,21769048764222684,Roberts,-7,"5 Daniel meadows, Smartborough",620,BT89 0SJ,3793421801494842361,16,8,1989,30,30
113337231168,1,Denis,90312005411563635,Jackson,-9,"Flat 83
Valerie fields, North Kimbury",104,G4A 4LD,2224637033755468630,1,9,2019,0,0
217716112083,1,William,87834111960092774,Freeman,2,"0 Sam gardens, Mooreville",578,L0 3QZ,9007765601852782452,10,3,1942,77,77
718288652881,1,Rosemary,12617060094178315,Humphreys,-9,"Flat 9
Graham streets, Rosemaryfurt",831,BT9N 5PA,4277397043711515378,7,4,1908,111,111
381446495041,-8,Rosie,53681819862103341,Potter,-7,"Flat 74z
James road, Julianstad",795,B0E 5TP,6065914616490546662,26,11,2001,18,18
82758144770,1,Howard,23800542398750250,Black,-9,"855 Dylan trace, Kimside",882,L9A 0EA,6165858625357414445,5,9,1932,87,87
14587076556,-8,Jacob,90747836523184964,Baxter,-7,"Studio 37
Warren trafficway, Stewartchester",0,DG0 9YN,6830848680151823420,14,8,1999,20,20
826071444961,-8,Dean,32307258169389892,Matthews,1,"Flat 5
Samuel ferry, West Stacey",620,E50 3PN,3272346384203706929,2,12,1974,45,45
543098700238,-8,Gillian,47819603248619094,Davies,-7,"Studio 24T
Gail cliff, Littlemouth",204,G3 0LB,1139257725476111469,23,4,1919,100,100
641170482392,-8,Sally,23153649047815571,Jones,-7,"Flat 16
Phillips way, Staceyview",268,DY67 5XY,1291116546513561332,24,4,1951,68,68
825341760186,-8,Barry,41357178255487175,Edwards,-9,"27 Katherine lights, North Brianview",989,W5 4US,3192573007063362527,27,7,2015,4,4
627178542381,-8,David,18176942844574584,Sanderson,2,"Flat 3
Shaw lakes, Debrashire",166,N1 8DR,4263286991994773869,15,5,1999,20,20
128167665888,-8,Jonathan,22730698525611927,Ward,-7,"817 Simpson rest, Lake Kimberley",184,S4 4FQ,1709391832844140552,24,11,1993,26,26
714233096892,1,Charlie,30859046379856501,Jackson,1,"0 Brooks rapid, Paigebury",792,DN0 9RH,3156331658405926848,22,3,1931,88,88
213758785402,-8,Amy,60850546674815467,Hart,2,"13 Vincent alley, Foxview",36,M7 1UP,9761981053358859240,2,8,1929,90,90
502490992158,1,Karen,47521459990436784,Hayes,2,"36 Booth ridge, Leachfurt",31,S0 8DA,6352430728385428868,11,6,1972,47,47
481140169712,-8,Arthur,68120697088279224,Morton,-9,"31 Owens fall, Brownview",548,L94 8TZ,1192461714488166580,27,2,1920,99,99
459332688280,1,Bryan,11473207064303022,Brennan,1,"Studio 97I
Carl garden, Ballfort",262,S3 0ZJ,1398606759145685906,6,9,2001,18,18
19706665361,1,Gerard,23442359382894664,Mason,2,"Flat 02
Victoria bridge, Boyleport",901,LE47 4YQ,8586114726294320545,26,8,1991,28,28
360274654650,1,Leah,66336130730519455,Lowe,-7,"Studio 3
Scott plain, New Craigland",901,CR6 6PY,3570810877591047200,5,12,1957,62,62
269873710265,1,Eric,95510061987641843,Smith,1,"Flat 77t
Kemp pass, Lake Cheryl",608,HG2X 8DQ,8199699954235553283,2,6,1995,24,24
160388541125,1,Alexandra,64972997719955546,Mistry,-9,"8 Stewart trafficway, East Jennifer",972,S1B 9HJ,9176309716854992628,8,4,1986,33,33
851090588782,-8,Zoe,10030992225912445,Thomas,2,"Flat 74
Rogers estates, Roseberg",233,E66 1YL,3645962435178005147,19,4,1927,92,92
225897821746,1,Scott,84636656581504427,Read,-7,"3 Matthews circles, Ericton",422,GU3 9WG,1122512617698385921,4,2,2008,11,11
110879901013,1,Daniel,68909486071488884,Edwards,-7,"0 Rita spurs, Evansshire",925,TQ4 6FT,8017276248831658290,6,4,1956,63,63
460696607905,-8,Fiona,62523202882073000,Williams,-7,"7 Neil crescent, Jonesstad",981,EC5 7LN,3080247509097689598,23,4,1998,21,21
356801174840,-8,Vincent,33082638774978987,Bradshaw,1,"520 Alan crest, Conormouth",242,N9W 9GX,5964666695210119185,26,11,1955,64,64
965875359087,-8,Joan,96186025003246156,Davies,2,"823 Claire ford, Reidburgh",192,NP00 7JD,5681035694265597028,10,11,1913,106,106
606552651861,-8,Damian,94462971163418668,Kennedy,1,"3 Kelly turnpike, East Gailland",76,HU8V 9LR,9558441159057109512,13,7,1984,35,35
273753427397,-8,Gregory,20977138679693712,Watts,2,"777 Maurice street, Mannland",638,M89 5PP,4083276821488665234,11,9,2006,13,13
991454292143,-8,Clive,28785610376749690,Sutton,-9,"Flat 7
Stone row, South Leonmouth",973,BB4 5SY,2004389179051263912,13,10,1919,100,100
341524576147,-8,Phillip,97132367893131377,Sanders,-7,"568 Cartwright mountain, Lowemouth",548,G1 0PU,2972340157260187123,26,11,1910,109,109
305117320491,-8,Henry,33432734688906553,Johnson,-9,"794 Carly way, New Joyce",275,W12 9EY,2167442288427357711,11,7,1929,90,90
539670288038,1,Glenn,82983915321589383,Newman,-9,"5 Dorothy cove, North Peterstad",524,PH6 0NG,4860455564146353710,23,9,1959,60,60
776991198698,1,Hollie,40216166478361198,James,-7,"Studio 5
West island, North Leah",474,NG4P 9NQ,3028673261155384691,16,2,1930,89,89
829229132425,-8,Timothy,38720581019989375,Khan,-7,"Flat 35
Watson ville, Ashleighburgh",418,PL6 5QP,6098774438245616198,8,3,1955,64,64
894844269203,1,Katie,29987005984729357,Day,-7,"Flat 70L
Davies forge, Henryland",410,NW5B 1EU,9755209500228103902,8,8,1926,93,93
221852420638,-8,Katherine,86424911912381991,Brown,2,"Studio 8
Wendy crescent, Amandamouth",528,B5 7DA,1519144855820932576,26,11,1997,22,22
116729566907,1,Patrick,56507388282928552,Allen,-9,"704 Kim circles, North Stevenstad",31,SP4A 8AB,5629377461397650081,23,1,1962,57,57
641081187716,-8,Glen,72377057574928005,Wilson,-9,"7 Bates trail, Douglasside",686,L45 2QP,6404787050727309573,3,6,2008,11,11
855886288147,-8,Geraldine,44677884680745883,Cook,-9,"Flat 33Q
Johnson shore, New Annetteside",972,CM7 8AA,2848932319078216909,26,4,2008,11,11
157442436083,1,Lesley,61479248326710202,Wong,2,"65 Turner drives, Port Margaret",44,W5 0UT,9457752768622399166,4,10,2003,16,16
176709480393,1,Valerie,59360014223431658,Wilkinson,-9,"010 Clark motorway, North Leefort",156,SM42 8GW,7183127033682699861,8,9,1913,106,106
541251343424,-8,Frank,40667431336240191,Bolton,-9,"Studio 28
Williams glen, Hallhaven",398,BL4 9UD,2082650764021456565,8,3,1910,109,109
832030721925,-8,Andrew,39963876309299309,Ashton,2,"Studio 06
King lodge, Thomasside",410,HG3 9PD,9390048826739244367,28,5,1977,42,42
22015166725,-8,Jonathan,22672158618157328,Evans,1,"447 Karen plain, North Lauraland",520,G5G 0QZ,1610152593432612890,14,7,1955,64,64
26046546619,1,Frederick,51170809538977903,Barlow,2,"Studio 85
Johnson junction, Jeremytown",706,L96 7LJ,8777560101615529894,7,6,1909,110,110
120301737525,-8,John,63378451354481706,Gill,2,"Studio 7
Stevens glens, Frederickmouth",316,S4C 6WG,4478264373511402277,5,2,1953,66,66
501102622212,1,Irene,20594978611865768,Ali,1,"8 Lewis fork, North Malcolmland",28,TS3 5TQ,1622478535620879361,21,7,2002,17,17
659561988908,1,Ryan,51563530215589991,Palmer,2,"7 Barbara spur, Turnerburgh",242,MK1Y 6EN,6676726509551133556,26,8,2001,18,18
43844315508,-8,Raymond,55947749102431881,King,1,"3 Arthur trace, Port Beverley",831,S1 3JA,9838455800542896111,26,10,2000,19,19
389810435771,1,Stuart,49162380555559283,Burns,-7,"Flat 30
Wilson locks, Smithport",580,ZE5H 0SP,9583398858188483628,21,2,1962,57,57
909456870486,1,Liam,84603930655446732,Smart,2,"786 Tom pine, Warnerborough",442,E33 7SX,2160048424303834864,10,7,1947,72,72
450087797479,1,Nicola,23277131368443465,Davies,-9,"8 Donna forest, Richardsview",570,B8 0GQ,1701418746656683977,20,1,1936,83,83
866576598799,1,Annette,86978354864053488,Pugh,-9,"33 Cameron oval, Lake Julian",642,CO5V 6WX,7185943818481169872,7,1,1929,90,90
469978084283,1,Sally,14264238523964046,Doherty,-7,"934 Arthur heights, Blakemouth",50,E38 8HE,6118541814533063818,26,4,2007,12,12
653973493317,-8,Rhys,66791925533842194,Stewart,1,"Studio 3
Abbie row, North Duncanshire",296,L93 3GX,8804757832174450455,27,1,1936,83,83
421202556386,-8,Marion,93493376734952578,James,2,"48 Phillip village, Port Jakefort",170,WD5M 2PL,5153128126539438153,13,7,1936,83,83
120172519910,-8,Janice,96767497968340370,Atkinson,-9,"6 Dawson forest, Pearsonchester",36,CT2Y 6WL,9991707654541654672,30,11,1912,107,107
84952752967,-8,Marcus,66937337010009004,Miah,-7,"181 Connolly crossing, Brandonport",212,L6S 8XG,2927142486689692196,3,2,1937,82,82
789509206080,-8,Bryan,73534131401435730,James,1,"Studio 60K
Whitehouse pines, Johnsonfort",336,M3C 6XW,8363733116565325975,10,6,1932,87,87
996841820066,1,Gareth,27766189541296414,Thompson,-9,"6 King springs, Jackville",682,W42 8QJ,4908884056436287040,17,7,2013,6,6
699045424449,1,Frank,33312631671350674,Lambert,-7,"Flat 4
Kirsty radial, Hollandville",242,CA4B 9ZA,9649464169705946909,14,6,1996,23,23
630664667411,-8,Leigh,66908900668876929,Allen,2,"58 Marie loaf, Nicholasbury",566,HS7Y 8FB,5421482618673727293,19,6,1915,104,104
778440324107,1,Marie,14528049936232299,Cooke,-9,"Flat 58
Walters creek, Lake June",170,KA5M 0FB,5441294226669263159,19,8,1967,52,52
287825533061,1,Connor,57478747847599969,Ahmed,2,"Flat 75
Judith curve, North Charlene",152,ST2 1EE,5050498563896095950,31,7,1969,50,50
135847091010,1,Teresa,66527805432306458,O'Brien,-7,"Studio 89
Mitchell extension, Susanberg",984,HG6B 3NE,3029191173880518602,13,4,1944,75,75
685194270269,1,Kathryn,79585514668019170,Lamb,-7,"Studio 29q
Vincent key, Port Shaunfurt",498,W0A 4HH,7502594810772143989,20,2,1921,98,98
344951060981,1,Ben,89025753523025728,Jenkins,2,"9 Lynda burg, Port Derek",470,E8 9BP,8505434095463824443,15,3,1907,112,112
181331249046,-8,Brenda,42363405941896276,Griffiths,-7,"Flat 2
Hicks point, Lake Heatherberg",64,N07 0XY,7056085739467194721,1,7,1978,41,41
437966450868,1,Harry,87496700735236338,Patel,1,"9 Mohammed throughway, North Paul",748,S2 0XQ,5124774535876599193,29,11,2012,7,7
583887641031,-8,Dominic,59432691425528513,Johnson,-9,"Flat 7
Dylan ranch, East Patrick",108,E73 6DA,9203025318302175591,7,12,1964,55,55
716160616266,-8,Emma,81471066088602649,Dobson,-9,"9 Jennifer field, South Junechester",4,N12 5XY,5753213171080210497,11,8,1908,111,111
338498125401,-8,Jennifer,83618051900206846,Thompson,-7,"24 Ronald union, Danielhaven",116,KA2 3ZX,6924056995216992919,3,10,2015,4,4
1521323627,-8,Glen,29756623136492423,Richardson,2,"5 Moran summit, East Cliffordview",254,HD2N 8NL,1615078808814398888,22,9,1953,66,66
702707463209,-8,Elliot,76923521758602267,Byrne,-7,"8 Booth hill, Nortonton",408,L4K 8DX,2350144967762174099,24,12,2003,16,16
923604285453,1,Kirsty,71366521917938932,Buckley,2,"Flat 4
Philip ways, Abigailside",239,BA30 4LT,3659774576941989555,31,10,1999,20,20
100128134980,-8,Lawrence,49054004539103701,Jones,-9,"Flat 09
Green river, Baxterberg",986,B2 2BJ,1017510826489654044,28,12,1905,114,114
914291891780,1,Bethan,65138840912191649,Fletcher,1,"Flat 57R
Hunter vista, Port Eleanormouth",528,N0C 1GR,8801021381816629913,9,7,1935,84,84
430801866525,-8,Ann,11689280624623741,Cooke,1,"707 Gardner lake, Phillipbury",428,E9 4LY,7152664723658182336,14,11,1983,36,36
993388288527,1,Francis,46701292673845277,Barrett,1,"2 Damian mission, South Lynda",706,PR3 1WS,9697351597457634001,17,1,1934,85,85
679734983347,1,Craig,47630826984466911,Quinn,1,"41 Phillips mews, Port Jeffreychester",484,LL4 9WH,5744045348807316222,20,3,1910,109,109
114326687840,1,Carole,37269557878392533,Thompson,1,"Studio 95
Lyons flat, North Darren",178,N4T 4WJ,4778922763298093203,13,2,1980,39,39
443608830483,1,Conor,63753521298671584,Buckley,-9,"Studio 70p
Paige island, North Katymouth",499,PH75 0QF,4732262194146815409,6,3,1940,79,79
936927186338,-8,Megan,69079328255747922,Evans,-7,"Flat 90
Susan mount, Lake Alanville",92,SP1P 0QQ,3397721759853116188,23,10,1994,25,25
243953055663,-8,Lucy,83829867822157403,Lynch,1,"88 Rose forest, Thompsonville",548,OX02 1LZ,7035997717425307515,27,7,1907,112,112
790163703642,1,Robert,16626813486800697,Akhtar,1,"Flat 70
Black ports, Deanside",74,BR47 8XQ,4295189808328104182,6,2,1936,83,83
9506245953,-8,Cheryl,41204751977709909,Bibi,-7,"3 Guy shore, O'Brienfurt",84,N01 4EE,6003319258118143066,6,9,1953,66,66
848058325620,-8,Olivia,26967828639618339,Reynolds,1,"7 Joan fall, Samuelmouth",634,N2H 3QS,8980289827354089091,13,1,2014,5,5
119993051869,-8,Emma,29896922792260009,Kirk,1,"6 Susan lake, East Robinview",643,L58 6UE,9049380089993843122,6,5,1953,66,66
83315838420,-8,Julian,20198256540819604,Taylor,-9,"09 Christopher junctions, Lake Bryanfort",780,RG1 6RD,8543788422423746949,23,2,1958,61,61
662168282212,-8,Nicole,59996831025432388,Bishop,-7,"Flat 42Q
Owen mountains, Clarkeport",364,W2T 9LG,4512159620723745138,16,11,1961,58,58
52347697709,-8,Anne,70183881487530877,Lane,-7,"Studio 49
Richards rue, Alexanderstad",50,ME0E 6BJ,2781133742079955473,30,9,1956,63,63
120124102919,1,Alison,82977612845657973,Rogers,-7,"424 Malcolm shores, Port Bryan",832,SL5V 8EN,7584987184355294847,1,7,2015,4,4
47651223544,-8,Gail,16802682538542717,Ali,-9,"Flat 19O
Marsh inlet, Darrenhaven",478,E4D 8XU,1099246428474617175,9,12,2019,0,0
439333336936,-8,Jessica,81785367561020209,Kelly,-7,"86 Cameron garden, Jonesland",36,TA22 3JU,7141499251225954766,27,8,1911,108,108
47002265748,1,Sally,71941894084306251,Smith,-7,"Flat 32I
Berry rue, Andrewsberg",410,N7 5PZ,4389797757534683166,18,8,1994,25,25
490536850425,-8,James,30155293149182328,Smith,-7,"21 Colin circles, Coxberg",268,DL31 2FW,6069118866357337848,21,3,1958,61,61
590972379401,-8,Arthur,58526718190229687,Price,-9,"28 Barlow overpass, New Malcolm",901,BN96 6XS,7158255023457520859,23,10,1910,109,109
692757418742,1,Victoria,59500469463909389,Atkins,1,"056 Burns shore, South Katherine",562,N44 0QA,7997053041112484094,25,12,1990,29,29
194773765336,1,Sally,53870726143924324,Warren,1,"Studio 97
Harriet loop, Thomsonberg",430,E2 2DT,1748236763281364019,29,4,1922,97,97
515118747329,-8,Geraldine,90957112534239309,Franklin,-9,"Flat 8
Ryan land, Hayesshire",76,G53 2GB,9813973681379424492,22,7,1904,115,115
626309473964,1,Chloe,29999266270928749,Edwards,1,"654 Patrick plains, Smithhaven",174,TW20 8FL,1046730178035357198,13,10,2017,2,2
882342012779,-8,Thomas,21964860730676314,Griffiths,2,"Flat 04s
Holden flats, Lewischester",752,SP7 5WJ,2594331607126024509,29,10,1953,66,66
101654045277,-8,Amanda,51284280681484081,Faulkner,2,"3 Kenneth lakes, East Maxmouth",0,WS1 0FX,8943171943486190181,31,12,2013,6,6
846532084071,-8,Alex,46856837247285135,Miller,-7,"44 Annette mill, Derekberg",312,WS6 1NF,6815360579891819037,2,5,1913,106,106
66431147624,1,Oliver,42616332436893247,Begum,-9,"81 Liam valleys, Lake Yvonnechester",384,L7 4EH,6714939806909316292,12,3,1930,89,89
836826763526,1,Lucy,51563530215589991,Hale,-9,"Studio 54
Butcher curve, New Charlotte",275,S73 2FF,5228896117879396290,24,5,1986,33,33
812345190165,-8,Norman,26481474671210580,Gray,-7,"4 King skyway, Frankburgh",16,N1C 7WB,6426285539119220527,28,2,1935,84,84
585115708275,-8,Dylan,96544941420412164,Ward,-7,"Studio 5
Jones view, East Normanshire",630,E1W 3DA,1632298711974968142,9,7,1977,42,42
599397674638,1,Kerry,48819345935392152,Thomson,1,"Studio 04
Ruth point, Hopkinsburgh",740,BS0 2FX,3929165523254745717,27,6,1949,70,70
653787125878,1,Barry,14237931953121210,Harris,-7,"28 Godfrey causeway, Dominicbury",620,L25 1LS,7235072781858952516,5,4,1954,65,65
566646883921,-8,Bruce,27992396131485600,Williamson,-9,"10 Mohamed mission, Port Barbara",860,B0 6FN,4229697069756275350,9,2,1931,88,88
364525425446,1,Samuel,27295478135951870,Pearce,2,"496 Paul gateway, New Deanview",12,MK8W 4SW,7590118958453033533,30,3,1958,61,61
834882887696,-8,Chelsea,39872195646526512,Brown,2,"Studio 9
Jordan well, Fieldbury",678,M5 2SS,3067713360036884554,12,11,2003,16,16
319712500268,1,Molly,75689958086603143,Taylor,-9,"3 Harris stravenue, Owenville",654,G7 3RT,4908850988492197265,30,12,2006,13,13
404688775858,1,Lynn,36333954392608245,Tomlinson,-9,"Studio 31
Atkins cliffs, Lake Josephine",120,G1D 0HQ,4972394626689353357,22,9,1940,79,79
534751216470,1,Joanna,68209817702278678,Jones,2,"9 Lucy knoll, Edwardsfort",925,LD7M 0EZ,9662085270170733488,16,4,1946,73,73
32303904913,1,Iain,47580712031321668,Powell,-7,"Studio 2
Alice valleys, Malcolmfurt",682,SE8 4ZE,4854886250555566239,14,5,1913,106,106
440035904627,-8,Marcus,40029377659891250,Bruce,1,"17 Smith parkways, North Frank",772,M2C 7QY,5880120345361872745,10,6,1920,99,99
950416098782,1,Terry,15324961934962608,Page,-7,"293 Bruce club, North Grahammouth",218,HD57 9JT,3149555834292927940,12,11,2018,1,1
804159547347,-8,Clare,22509261660647516,White,-7,"Studio 32
West oval, East Yvonne",156,L0 6HH,5248510094587607137,24,7,1953,66,66
615198930816,1,Antony,60559714596521880,O'Brien,2,"Studio 63
Bennett canyon, Victoriastad",120,B86 0JE,2838401729156934832,5,12,1931,88,88
892710533349,1,Charles,58026150152750230,Tucker,1,"40 Rachel spurs, Stewartfort",643,M6E 3HR,7912607122288369838,23,10,1912,107,107
905867633459,1,Shannon,56039354301696406,Wilkinson,-9,"8 Frederick mission, Port Jacobland",446,HP8R 1LS,7836718162089300209,29,3,1904,115,115
137437990216,-8,Ashleigh,94863872588597326,Burns,1,"Studio 0
Smith divide, Coopertown",458,WV8 5ZZ,1545330949335148463,29,12,1948,71,71
956969248966,1,Sally,34507423300188060,Davies,1,"963 Murphy springs, New Leah",772,W5U 4RX,1548463984335784957,13,9,1993,26,26
655326910788,1,Ben,65771978459329444,Davies,-7,"6 Debra skyway, South Kayleigh",440,BA4Y 2RS,3252818831036393876,9,3,1940,79,79
922833123504,1,Katy,55830303057285066,Bruce,-9,"Studio 70f
Gary landing, North Elaine",51,SN44 9NF,7283594074938694987,28,2,1998,21,21
902458580152,-8,Danielle,67769404397165634,Connolly,-7,"Flat 26
Hugh street, Pollardside",951,HU0P 2PU,1626631161336704203,1,4,2008,11,11
783941141457,-8,Samuel,16598443716557181,Thomas,-9,"405 Rosemary neck, Lake Louis",170,L5 9XH,1238534733631277892,3,1,1945,74,74
584275079136,-8,Melissa,20681171841299096,Baxter,-7,"4 Bird circle, Clarkburgh",987,RM9B 6YU,4362671391265080285,11,8,2012,7,7
451456012088,1,Michelle,74686468611293682,Kent,-7,"Studio 10
Kennedy forge, Paulineberg",174,EH9 3SW,4110985529690560941,18,6,2013,6,6
481181947787,-8,Dale,77202603584056386,Armstrong,2,"9 Smith manors, West Shane",222,M50 7ZE,6928322646264718182,30,5,1973,46,46
404735847311,-8,Terry,57559126323096017,Cooper,-7,"005 Howells point, Lake Samfort",612,NN3 5RH,4393204051377399655,12,8,1964,55,55
481849987398,1,Caroline,91051530893726249,White,1,"030 Martin mountains, Adamton",348,G5W 1BJ,8834085038707014728,6,1,1948,71,71
503006759421,-8,Leah,77856798084698713,Roberts,1,"Studio 45B
Warren place, Ellieview",152,E1G 8PZ,9986868580423471813,25,4,1907,112,112
871912233551,-8,Kayleigh,36184100433411958,Lee,1,"271 Graeme plaza, Reidchester",60,DT4 5FJ,7824306993189843590,14,2,1919,100,100
147470930224,-8,Hollie,39856062114858538,O'Neill,1,"421 Louise mount, Crossmouth",124,E9 0QB,1904538213791396111,7,6,1919,100,100
700686176390,-8,Abdul,91957701946598292,Hudson,1,"23 Kelly street, Bellmouth",652,E6 0ED,1510192748036707405,26,2,1998,21,21
5338003323,1,Elaine,37830360311823123,Mann,-7,"Studio 4
Donna motorway, East Mandyville",324,SW5 3FR,3968565018341236891,28,1,1923,96,96
206806428511,1,Malcolm,39416110969036793,Byrne,1,"Studio 5
Richardson river, Sandraton",678,M0D 1YA,2466552376052172898,24,7,2008,11,11
900931837799,-8,Ricky,13788191434577483,Rogers,1,"Flat 49
Graeme mill, Rhodesmouth",212,CW5X 5PY,1029429591104452052,31,8,1908,111,111
575540088252,-8,Pamela,73392920498786742,Armstrong,-9,"Flat 84O
Thomas estate, Coxton",624,B5 7DS,1638824464409487401,17,11,1980,39,39
457254350836,-8,Katie,18494001745077804,Butler,1,"14 Pearson ridges, Allanhaven",562,WA5B 9YG,7231872167517025045,27,2,1986,33,33
739372421832,1,Callum,18522258414623950,Hall,1,"10 Mills common, North Paulineshire",72,B74 6LL,8793137890220521930,14,4,1995,24,24
32468618004,-8,Howard,25570289164946233,Watson,-9,"Studio 68d
Cox stravenue, Junehaven",304,CT73 6GA,3377012529991456739,12,3,1959,60,60
710281139350,-8,Lynne,98651694981819015,Robertson,-9,"93 Murray road, Andrewsbury",156,S94 5YS,5467593738490721720,2,9,1962,57,57
464046758735,-8,Amanda,88639090433001203,Wong,-7,"Studio 45e
Robinson stravenue, Terrymouth",438,M60 0FJ,8681393157526316622,2,12,1910,109,109
831513216036,1,Kyle,18702537149964087,Bates,-7,"Studio 9
Booth knoll, Port Brandonland",320,LA2X 4NU,2811392957890321998,21,2,1942,77,77
561842300155,-8,Jordan,87632846821159522,Smith,1,"678 Margaret shores, New Abbie",971,WV2 2ZA,8090738188787499345,19,9,1943,76,76
836075646927,-8,Gillian,47529746610356691,Burns,-7,"50 Baker circle, Dianamouth",348,W46 2PW,8838396675893019832,11,8,1907,112,112
692564863853,-8,Barbara,81061398787923600,James,2,"7 Chapman vista, Robertsonhaven",232,L1A 9DP,8499484701682437652,10,11,1930,89,89
678500973573,-8,Katherine,16382027241216345,Thompson,2,"440 Armstrong causeway, North Matthewmouth",214,N9E 2LZ,5600918051416658720,13,11,1966,53,53
571819899283,1,Grace,35400098988242026,Bibi,-7,"7 Mohamed ville, Carrollshire",974,N4 3LR,1804570969269820812,1,12,1959,60,60
42131152108,1,Kayleigh,71341088819346832,Smith,2,"01 Burton junction, Iqbalstad",266,B8 2TD,2202021988692224655,19,4,1985,34,34
885049252485,1,Catherine,42682659454223025,Singh,-7,"Studio 71a
Gardner avenue, Port Tracey",0,BR61 3DS,2413863716777574267,15,10,1948,71,71
415716695918,-8,Terence,48658863159527571,Blake,1,"25 Benjamin brook, South Declan",548,M6U 2WB,5605436287592096459,31,1,1937,82,82
482397165117,-8,Dale,48317951980056020,Lord,-7,"164 Lloyd manor, New Dennisborough",784,DG13 6HU,8354297236714380413,28,6,1909,110,110
400397079513,-8,Graeme,71400533416539778,Richardson,2,"Studio 91
Kelly cliffs, Dunnside",352,L6E 3UU,5524841297155133637,21,12,1986,33,33
879734715674,1,Joshua,28024305143954337,Willis,2,"7 Wilson passage, New Emma",784,S09 1ZR,4992044610663180358,10,9,1938,81,81
148734821134,-8,Nicholas,99072583079867503,Bibi,-9,"9 Spencer springs, Victoriaburgh",156,S8 0WF,8305836356712078718,20,7,1916,103,103
560425708312,1,Harry,38168527421977035,Moore,2,"Flat 9
Elliott key, North Chloeview",570,WS65 7JJ,2157553487155497973,1,1,2011,8,8
353132148254,-8,Joel,55636719199725506,Norman,-9,"307 Valerie summit, Heatherview",512,E8E 6JY,9782753536841392445,3,3,1906,113,113
332373157483,-8,Jade,55804430923594026,Martin,2,"7 Nicholas view, Atkinshaven",504,S5 7BW,9541760506209008887,3,12,1952,67,67
168938114930,-8,Patrick,49826365210770505,Barnett,2,"50 Amelia ramp, East Laura",752,B1 1EN,6919532383222985498,15,10,1969,50,50
783128565691,-8,Kayleigh,55193642758509396,Booth,-7,"78 Victoria mills, Lake Amber",984,CB8 0RX,6766295818091760141,21,9,2014,5,5
196355165858,-8,Jack,61331496471432164,Poole,-7,"037 Liam bypass, Yvonnebury",124,SG4 1YW,8468296761379274710,18,11,1928,91,91
677385134037,-8,Gary,36284390736198031,Rogers,2,"Studio 40J
Webb cape, West James",554,W9S 2HZ,8477761863157359227,3,4,1937,82,82
655488221971,-8,Douglas,82874254716672244,Bailey,1,"Flat 59
Patricia skyway, Lake George",16,IG7E 6YE,5906394933032525718,8,2,1941,78,78
787127477594,1,Aaron,12021876088046743,Weston,1,"704 Brian hill, North Lorraineburgh",275,N2 2TR,2046559404354801777,29,5,2017,2,2
594734718683,-8,Francis,38437200944328405,Holmes,-7,"34 Teresa ford, Huntfort",796,G46 7LZ,5954980143497231573,9,10,1951,68,68
50046703648,1,Joanne,11473207064303022,Iqbal,-9,"62 Smith station, Dorothyside",340,B29 6NN,1395974832264698312,6,8,1928,91,91
650800261339,-8,Bernard,10438812594475333,Evans,-7,"18 White manors, North Janiceport",858,SL5 4PU,5621921310971601554,28,10,1920,99,99
238006141925,-8,Beverley,46036357076325199,Pugh,1,"4 Page knolls, Youngside",398,UB94 9PQ,8380412114353623243,4,2,1989,30,30
436030011003,1,Norman,13040674873230447,Reynolds,1,"Flat 8
Gibbons pines, South Luke",548,S95 0LD,6450825977107368883,12,11,1934,85,85
822711467211,1,Hugh,69282047307842135,Hargreaves,2,"971 Hazel course, Hallstad",376,G19 1ND,9261470007874199953,18,8,1992,27,27
692234870759,-8,William,60478734540956467,Parker,2,"Studio 9
Thomas points, Traceyview",418,BL48 3ZH,8026686925277286013,23,5,1931,88,88
452848757435,-8,Eric,77542977163201509,Wilson,-7,"3 Stevenson lock, South Jacobhaven",90,M2T 2QB,5392994499096216650,6,4,1944,75,75
355097189617,-8,Leslie,51066681943671181,Alexander,-7,"89 Elliot centers, North Paulineville",983,NP85 3YD,7487583210185516260,10,9,1927,92,92
265673219256,1,Jordan,89355826607821075,Wood,2,"Studio 15S
Murphy islands, Hartview",584,FK8H 3XW,8247835639297962769,23,7,1978,41,41
19602239328,1,Lesley,75803658002258529,Burns,-9,"Studio 76
Harrison plaza, New Sam",574,SM0 2UP,6652672467094005900,3,8,1991,28,28
252639393679,1,Marilyn,27053476120359576,Sutton,-9,"415 Hyde vista, Port Leah",638,TN1E 6JP,2008769719205066210,10,6,1968,51,51
932128015604,1,Rosie,41613032852195899,Thompson,-9,"98 Albert groves, East Carlytown",192,JE55 3SU,8125986510299862192,3,11,2007,12,12
983731282996,1,Victoria,81061336769160539,Harrison,2,"Flat 67
Zoe port, New Jennifershire",716,G21 1TX,8749919256646643924,15,2,1936,83,83
868193391973,1,Paul,78819787802368027,Ali,1,"433 Lynne overpass, Adamsshire",466,EC68 2FH,2075083994571165297,10,12,2000,19,19
238776351235,1,Molly,76987251335297756,Jackson,1,"119 Albert roads, New Zoeburgh",336,DL0B 6JS,4204131291964814173,24,12,1944,75,75
751040353006,-8,Heather,26642338525705487,Perry,2,"2 Stephen port, Mathewstad",991,W0E 1AX,3773885174512291455,21,8,1993,26,26
124821592821,-8,Aaron,88403047196696731,Walton,-9,"8 Shirley track, East Robert",426,CA4 2XS,3279969220661675833,22,11,1947,72,72
889790788898,-8,Sara,63862793494534046,Chapman,2,"348 Hollie roads, Port Juliafurt",992,N64 5FL,9805559024236595758,21,4,1974,45,45
939750632033,1,Patrick,36599130781364442,Smith,1,"Flat 55
McCarthy valleys, Butlerton",440,M4 8LW,1273263760396832486,19,10,1944,75,75
314165394641,1,Kevin,41493111570998844,White,-7,"Studio 59
Cox shoal, Jacksonmouth",688,IP02 5TX,7914225865299695051,1,7,1987,32,32
76657884536,-8,Lesley,24011076408897076,Allen,-7,"Studio 64O
Hudson cliff, West Katie",630,B93 0JH,4929419148355444977,3,4,2003,16,16
201545625553,1,Colin,26182912661529308,Begum,1,"896 Gareth spur, North Joyce",678,DH46 0ZG,5657837188435210595,31,7,1960,59,59
985184478646,-8,Tom,57658362235814813,Holland,-7,"Studio 7
Diane wells, Justinmouth",760,FY9 9YF,2638514986420153522,2,2,1963,56,56
691283676106,1,Denis,86576138295671988,Taylor,2,"596 Wilson harbor, Leahhaven",585,IP8E 9US,9821692737409150069,28,8,1958,61,61
555359163178,-8,Ashley,20758930527098943,Kay,-9,"Flat 8
Kyle plains, New Jill",580,KY50 1AX,6902788003713032231,19,6,1959,60,60
467324041668,-8,Iain,59976933762313082,Bishop,1,"Studio 84L
Mandy oval, Daviesville",643,JE54 5BR,3725222009684103343,30,4,1938,81,81
347704658885,1,Dale,50307925272453778,Wilkinson,1,"388 Lee station, Hurstborough",583,CR61 5GJ,3683367308589798929,3,4,1952,67,67
