Alternative_Address_UPRN,Household_ID,Visitor_Address,Visitor_Address_Country,Visitor_Address_OA,Visitor_Address_Postcode,Visitor_First_Name,Visitor_ID,Visitor_Last_Name,Visitor_Sex,Visitor_Day_Of_Birth,Visitor_Month_Of_Birth,Visitor_Year_Of_Birth,Visitor_Age
289907274039,79986113116767698,"975 Anna roads, Josephhaven",818,E00037093,W96 0EB,Colin,7962717134222644871,Ball,-7,31,8,1977,42
5100437120,94852725984643656,"Studio 27O
Elliott stream, East Grahamborough",20,E00152498,B0 2YR,Julie,5123537269695258235,Payne,-7,16,9,1942,77
358804659912,18198739101462146,"Flat 10
Alexandra extension, South Lawrenceborough",148,E00135416,B45 0XP,Beverley,6060357382044939184,Davis,2,24,7,1928,91
698777149419,62740299365701336,"Studio 56
Abigail stream, Jonathanview",548,E00164600,M9W 4NF,Megan,2637523806106944255,Bell,-7,1,3,1951,68
679288755469,25572427331858805,"Studio 98
Kenneth village, Simontown",901,E00165440,E8 5NR,Janice,6271527020510522014,Turner,2,16,9,1906,113
19105811762,16980692160614361,"Flat 7
Bradley plaza, East Ruth",663,E00164557,W1W 5GG,Nicholas,4722835447890917744,Whitehouse,-7,29,9,1965,54
697841878816,77512044104239989,"Studio 45
Kelly ranch, Janeside",574,E00165552,W4B 0QG,Emma,1221337031121781290,Ward,1,18,5,2000,19
27395708928,97136391107491640,"9 Lamb ways, South Frederick",834,E00142232,DE99 6JG,Joanne,1134675300580014917,Owen,-7,16,11,1969,50
419042860402,91182381189831664,"960 Aaron lane, New Hughstad",584,E00037367,EC7X 0WB,Mohammed,7561561073817849142,French,-7,7,7,1986,33
540408328140,90586527926688003,"6 Jodie path, South Timothy",56,E00037157,MK9 9PP,Nathan,3757356344570889958,Gray,-7,17,3,1969,50
954105148637,41501086694093596,"7 Chapman squares, Leonardton",850,E00164500,G8H 3NT,Molly,5033966741874897134,Wilson,-9,29,5,1996,23
874127111513,89466617044434248,"Studio 2
Matthew street, Hallside",96,E00119891,SL4H 3SB,Lewis,8508995674542817215,Thompson,-7,19,6,1988,31
893746218038,46836301742405572,"Flat 94
Ali plaza, East Karl",548,E00142270,S4S 0ED,Leslie,4077793127792374931,Pratt,2,30,10,1932,87
433652256414,43669570429816605,"5 Marsh road, North Louise",364,E00165521,S2G 0LJ,Lynne,3117889033684352227,Thorpe,-9,23,5,1954,65
684932097009,12879009154532019,"Studio 1
Carey fort, Port Mohammedmouth",52,E00164494,SA7B 2PT,Rosie,9713486526773410659,Atkins,-9,28,5,1946,73
322198809556,72448824515030831,"033 Ellis plains, Bethmouth",772,E00163955,M32 7QQ,Toby,6124916708484724672,Dobson,-9,30,9,1948,71
536215375150,55704734324319800,"90 Sean mount, West Dylan",626,E00171590,SR20 1EX,Bethany,3532126231491465094,Thomson,1,7,12,2019,0
157381180609,23057966085278692,"4 Parker stream, Lewischester",926,E00135756,EX28 7HG,Lauren,6493191574769593179,Russell,2,2,1,1970,49
334417672084,71256121447862250,"Flat 94v
Damian corner, Josephinechester",670,E00171590,BR27 0BX,Alan,4492700656318130808,Williams,-7,30,6,2003,16
389576525985,61517370700404680,"543 Kathleen lake, Lake Leigh",784,E00169852,LS14 1WQ,Dean,6571762807917933753,Campbell,2,1,5,1922,97
246382819964,54681919218493524,"Flat 53o
Bishop estate, Collinsside",670,E00120046,G06 7JG,Shirley,7412098850720735439,Watts,1,9,7,1951,68
786810307100,66913912031537669,"Flat 25
Ahmed oval, Richardsshire",466,E00164575,W0 7WU,Megan,2657419285423811318,Walsh,-7,26,6,1983,36
634624016711,30591004897330870,"Flat 8
Thompson view, South Terence",398,E00119787,L6 5EE,Patricia,3012099874439075464,O'Connor,-7,17,4,1946,73
422158165237,66521808311113174,"Studio 75
Dobson glen, Denischester",188,E00165343,GY6P 6LS,Sara,9210297581123995446,Gallagher,-7,25,7,1924,95
735731235502,70113755330679909,"Flat 42c
Cross light, East Sandra",174,E00164539,N1 9HE,Gail,8071818536316237206,Glover,-7,4,5,1923,96
302556278208,29054689383743289,"6 Chambers hollow, Geraldineburgh",643,E00164584,S3 8FS,Carol,9581469130208716114,Mitchell,-7,20,1,1914,105
721334067731,47608488594899994,"1 Wayne ferry, Leahmouth",913,E00120081,RM83 3YT,Donna,5013798827643253878,O'Connor,-9,10,5,1998,21
725056862578,67163637296777015,"4 Atkinson groves, Birchhaven",392,E00152517,BN1E 4WY,Glenn,8155911146188119500,Warner,1,14,7,1967,52
206256765751,45787028071794371,"350 Nash rapid, Barbarabury",660,E00135452,S4G 7JG,Eleanor,6048558197941902924,Jones,2,15,12,1928,91
515219004579,65456356498951909,"Studio 8
Declan mews, East Frankmouth",250,E00152501,WF30 0UG,Abigail,5865315116393472709,Wilson,2,19,3,2008,11
481651782697,42474645289621514,"Flat 25R
Bennett lights, East Graemestad",266,E00165583,CR30 3UW,Kate,9256999001441904906,Atkins,-9,8,10,1939,80
19565809386,87098306124806657,"286 Thompson falls, Debrachester",440,E00152664,W4 4WY,Carol,8445479728536812927,Hughes,-9,19,8,1949,70
153756515179,31093532171273131,"6 Brady loaf, North Donna",528,E00119835,HP0 5NZ,David,5802709410421595460,Brown,2,19,1,1963,56
957742512292,92702240886556218,"Flat 6
Chelsea island, Robsonport",64,E00119861,HG1 4PH,Kim,9643225862397874907,Pearce,2,25,3,1921,98
788288343748,67581838539267733,"Flat 40
Molly fort, Barrymouth",924,E00119887,DE55 1GX,Jane,5421719744552664914,Goddard,1,13,11,2018,1
842995586962,59546050992796434,"9 Rhys mission, New Keith",574,E00037240,SR99 6TZ,Sally,9115666382908155879,Jones,-7,26,4,1923,96
805181541355,56902527144258541,"2 Georgia tunnel, New Joyceview",258,E00163952,M5 5XP,Dorothy,9677251850823869973,Cook,1,15,6,1950,69
453638913987,20603978034537490,"Studio 21b
Graham courts, West Raymondfort",388,E00142053,SS3P 4LR,Kevin,6974983739498041764,King,-7,1,3,1911,108
506102275132,99305985043721890,"Studio 80
Joanna extension, Brownhaven",660,E00153534,G5U 6GE,Jay,6772474100848322379,Lamb,-7,19,2,1911,108
127177543413,29517239088103811,"7 Abbie rapids, Joelberg",504,E00164630,ME71 2ZX,Tracy,4141516463637751496,Akhtar,-9,29,6,1980,39
465980989704,82537449651576171,"17 Lee flats, Bibifurt",660,E00169656,SR7 1RG,Charles,7820128250233862225,Smith,2,7,3,1947,72
199155772304,45013340473377504,"Flat 3
Gordon lane, Farmerfort",989,E00164421,DG4Y 0JF,Fiona,1263404325508740135,Hodgson,-7,28,12,1963,56
17142739289,72311228070286114,"Flat 32
Lawrence mission, Mandyton",807,E00135655,M5C 3ZY,Leonard,8930882451609227993,Smith,2,22,6,1952,67
73780847183,27646135540816987,"461 Lee alley, Bentleyville",912,E00037149,W98 8WX,Valerie,5273548932704090811,Smith,-9,9,12,1977,42
515475543307,66294523918889128,"Studio 48
Bailey camp, Bethburgh",702,E00141225,BH72 9BG,Simon,4947212809274835131,Gardiner,-9,18,11,1985,34
375650850771,66003104597004856,"0 Pearce cliff, Suzanneborough",48,E00164537,CF28 0XZ,Lucy,7258112074869440103,Hughes,-9,1,12,2005,14
143139348861,82537646165059223,"Studio 68
Mary expressway, South Samfurt",50,E00135498,TD32 4DA,Chelsea,2427474629607221291,Moore,-7,16,9,2004,15
60021258558,40454971765840150,"273 Kathryn bypass, Port Jonathan",926,E00135587,SN8H 1TL,Bethan,4785650563958720149,Robinson,1,13,9,1979,40
75904670494,25922138078991148,"6 Karen centers, Lake Suzanneside",992,E00037312,BA5W 7WA,Dennis,5725388581151499449,Price,2,21,9,2005,14
386461236541,65346776571439209,"53 Sally centers, New Sarah",44,E00153539,FK5V 0EH,Joyce,3143992149028472007,French,-9,12,6,1907,112
986175909315,86455300536476790,"Studio 5
Amelia burg, East Tracey",86,E00165568,BD0 2NU,Charlie,4703969679176733924,Fisher,-7,2,12,1914,105
757790715407,68946073354090150,"350 Heath road, Lake Michael",348,E00142169,G8 4BD,Emily,4299274956642744810,Robinson,2,17,1,1965,54
461147175892,77104396315224961,"501 Porter prairie, Port Kimberleyville",520,E00165599,E05 0AG,Bradley,8105328844381325737,Smith,-7,11,6,1905,114
205591263179,94435289984585568,"Flat 78V
Wilson alley, Jamesport",840,E00165452,M0 1BD,James,4875277016053901187,Byrne,2,19,3,2000,19
924647856116,17881652596873059,"3 Marion court, West Conor",320,E00165525,NN9V 1JP,Bernard,6427619461975440780,Wyatt,-9,18,1,1991,28
382228159823,50867500999862375,"0 Hutchinson island, Port Christineberg",312,E00152629,HU34 8SJ,Brett,5094421593465627058,Webb,1,24,7,1946,73
587204397050,92036315084852829,"968 Elliot squares, West Yvonne",670,E00165617,W7T 0AP,Charlene,5980221812345335124,Jennings,2,2,10,1964,55
38410046286,44211021206782924,"Studio 02
Lloyd lane, Brownstad",276,E00135541,ML38 5JZ,Carol,3348227391065102131,Summers,-7,27,6,1937,82
569159997658,24586233982966962,"0 Moore square, Richardsview",10,E00142076,FK6 2HH,Howard,9490485968607716896,Todd,1,30,4,1961,58
68938613123,33727239315035598,"91 Harris circle, Juneport",68,E00135767,CF50 5DH,Denise,4500850001456510734,Butler,-7,9,9,2017,2
505738447072,23803704185475292,"Flat 88
Craig club, New Carl",192,E00119788,B11 9ZT,Arthur,3892393021657715540,Henderson,1,16,1,1955,64
264821335048,84996986115641412,"Flat 5
Ross underpass, Andersonmouth",90,E00119816,PL1 5ER,Roger,6945407367692266891,Khan,-7,4,11,1966,53
3258399068,33708838447346789,"7 Denis tunnel, Danielleborough",400,E00153466,M50 5SP,Nicole,3509420943197330629,Robinson,1,1,10,2013,6
89960998330,88969934292244094,"Studio 9
Lewis haven, Port Danielfort",860,E00119832,MK0 8RW,Lorraine,8580197804110840619,Pritchard,1,21,7,1996,23
793240069081,60226842515548457,"5 Taylor vista, East Louis",983,E00135462,SG1 2EE,Suzanne,5569356927050149296,Fisher,-7,10,11,1951,68
981568780222,42834030141283163,"888 Matthews tunnel, Greenwoodport",422,E00164523,PO88 9NX,Nathan,9784500456898441622,Taylor,1,8,10,1920,99
372545334239,39221233801992498,"77 Shaun mall, East Vincentstad",524,E00152640,B1C 0FN,Lynn,9055641491391008210,Lee,-9,22,8,2005,14
443522344966,51598991503515145,"6 King stream, Lucyview",262,E00135493,PR7 8QD,Jenna,5943421769261469594,Howe,1,20,1,2003,16
779934867785,64541453676988742,"69 Jordan valleys, Gloverfurt",834,E00152676,M44 5GR,Kimberley,2189751648622800211,Holland,1,3,3,1954,65
444955256812,84430871397018014,"772 Donald view, Paulaton",136,E00135809,E5F 4TU,Kyle,3224034211401748250,Turner,-9,20,1,1906,113
360202671591,19866693008334232,"Flat 36
Simpson shores, Chelseafort",591,E00153422,WD5E 7PB,Graham,9380404548641000371,Newton,2,19,10,2014,5
296809042968,23012935011361931,"84 Briggs club, Harveyland",292,E00119917,HR33 3DA,Molly,7578800665543623699,Clark,-7,4,2,1941,78
562036763570,72386771175905665,"Studio 2
Dodd forges, Cookfurt",862,E00169670,GL0Y 2TL,Jay,6088040451490890645,Williams,1,28,10,2001,18
476509942526,40290470092899452,"37 Fitzgerald light, South Timothyborough",226,E00169655,HX4 6GU,Olivia,6795849470232666123,Long,-7,22,8,1905,114
130177591420,61861982244989090,"Studio 60k
Katie crossing, Arnoldhaven",440,E00135583,LE89 1PQ,Alan,4826713951803311698,Harris,-7,23,6,2008,11
905877622468,90741232813364065,"Studio 2
Burton river, East Ritaburgh",850,E00172219,TR5 2JN,Annette,3991750448295719929,Thomas,-9,10,2,2015,4
856330662549,14283518181451603,"Flat 72
Aimee locks, Port Bethanport",660,E00165412,NP9A 2TH,Owen,7178549726678661066,Mitchell,-9,22,12,1956,63
384138390,70725004663830575,"Flat 53d
Smith cliffs, West Geraldfurt",418,E00165839,PO1W 8LH,Fiona,5644383956463111567,Daly,2,19,10,1952,67
582063522450,25355053869873440,"Flat 8
Gary mall, Elliehaven",218,E00142048,G85 3QQ,Geraldine,4843622964617714009,Wilson,2,5,2,1928,91
291237913232,15316669748379285,"89 Hart green, New Dawn",858,E00165386,G83 3YX,Harry,1283315491260083372,Flynn,-7,26,11,1980,39
134002050456,18294589963287101,"5 Jay curve, East Annette",748,E00164494,L3E 7JP,Declan,1196125213088426543,Bevan,2,10,1,1948,71
575331741692,21557144586466164,"539 Robson court, South Charlene",678,E00152601,E59 5HA,Carolyn,9432903753848555878,Kelly,2,17,5,1978,41
485378312318,19424636809789147,"85 Bell ford, Johnsonbury",903,E00135668,NE9 4XX,Joe,1296251112470125128,Smith,2,28,3,1905,114
351066981177,54103411034761671,"83 Weston land, North Deanview",764,E00120077,W45 9EA,Amelia,9220912729976513059,Greenwood,2,25,4,1984,35
447701691359,85784194872537066,"333 Alison villages, Williamsville",694,E00135761,W5W 7UX,Lawrence,1380786733813988912,Holmes,2,30,10,1973,46
133302882946,34851212101582909,"8 Aaron ways, North Hilary",833,E00037346,IG1V 9WW,Clare,6297072617943090806,James,1,14,1,2004,15
896372275266,52385071560585231,"Studio 16
Taylor wall, New Beverley",410,E00169951,N4 2SE,Frances,9207073718766876710,Walton,-9,3,7,1920,99
967300884430,72291140966548605,"07 Sanders radial, Kennedybury",414,E00165615,N1C 4ZH,Mohamed,8334326932778637704,Baker,-7,11,5,1921,98
623270261297,59331754351640775,"Studio 94
Ashleigh prairie, Port Amymouth",818,E00153462,WR39 1ZS,Brandon,9745766406778929730,Sutton,-9,7,2,1989,30
492613785978,17071455639751643,"Flat 16
Ahmed fork, Antonybury",86,E00164518,GU8 9LZ,Harriet,4669919511949377893,Coles,-7,24,2,1920,99
714066714405,45864814520958273,"Flat 5
McDonald turnpike, Port Jacobchester",989,E00135430,E1U 9TJ,Aimee,5087023143264442155,Williams,2,10,10,2014,5
47922358710,36156402946003970,"Studio 36
Lindsey circles, South Derek",764,E00165352,HD13 9HG,Nicola,9168685719929319702,Allen,-9,25,10,2015,4
587407096253,86517549032827805,"Studio 2
Blackburn prairie, Thompsonport",254,E00141203,WD90 6QD,Caroline,8120474145273250325,Leach,-9,6,5,2005,14
106462753062,61261820195050656,"Flat 11s
Max cliffs, Joeland",984,E00152568,B77 3WD,Hilary,9424631835905809107,Ellis,-9,27,1,1924,95
878174273753,42911719134531930,"47 Janet expressway, Alexandraview",44,E00153386,N4 6JP,Sara,9384719868584683619,Walker,1,16,3,1935,84
633366315454,48420672424538212,"687 Nicholas burgs, North Neil",480,E00037348,HU6 8EA,Diana,1570530233950770160,Williams,-7,17,1,1919,100
34055745454,35419908172284484,"135 Thomas walk, Lake Vincent",951,E00164049,N3K 8GX,Hollie,1775503485825814666,Freeman,2,12,7,1990,29
522451961745,30726455638164087,"6 Georgina trace, Shawview",854,E00165629,AB4 6WS,Debra,3473894045401141362,Evans,1,25,4,2007,12
726310018990,33034766410947836,"180 Adams loop, East Bradley",604,E00152521,PE67 3DN,Craig,6359363521747213560,White,-9,4,11,1994,25
326626874984,36771635987048498,"Flat 85
Dawn mount, North Bethtown",156,E00165552,E7 2HS,Gareth,7290793954308297162,Stephens,1,19,11,1932,87
190409005348,59699224840030706,"686 Barbara springs, Stuarttown",922,E00135482,W77 0PX,Hollie,6927826539954097826,Cook,1,10,8,2012,7
910959746016,23484209641606774,"646 Clayton neck, Simpsonbury",646,E00135832,GL5 8LZ,William,3977086902653829503,Morris,1,13,4,2002,17
884540807042,68173299378028666,"Studio 50
Jeffrey station, New Ashley",662,E00120048,DG4E 0FU,Charlene,9914014286069290930,Hewitt,1,4,6,1904,115
9323606473,90577694303366411,"Studio 85
Shaw spurs, Port Mauriceland",780,E00120017,BR03 8WB,Hollie,2438829399345562026,Faulkner,1,8,4,1999,20
591226328607,24279943837468185,"42 Clifford ranch, Damienborough",474,E00142225,E55 9WG,Kyle,8074164496641106100,Smith,1,4,12,1924,95
708964954064,45552641381733810,"395 Taylor stream, North Glennshire",166,E00153415,M30 1SQ,Gillian,1196175442880615192,Hudson,1,5,12,1965,54
369500575731,79384631806834936,"3 Clarke forge, New Victoria",796,E00164037,CV0H 2EX,Patrick,3225890927071777301,Robson,-7,11,9,1978,41
446720825818,80061880473848196,"Studio 5
Clements park, New Hilary",574,E00142034,YO98 5XW,Douglas,5644352927550999072,Hughes,2,24,1,1918,101
562068076155,27715688575837334,"Flat 29d
Eleanor orchard, Harrisonmouth",170,E00135391,SG9 1RR,Iain,5617348490355934662,Foster,2,17,1,1909,110
362586449761,77071352480894007,"Flat 10
Thomas knolls, Smithmouth",584,E00119889,GL47 7XD,Ellie,9042295641653212794,Andrews,2,9,1,2017,2
691767704786,86924644223680417,"Studio 2
Clark villages, Parkinhaven",988,E00164528,L5K 9LB,Christopher,1811018055373619472,Spencer,-7,20,3,1904,115
124097293190,59012494218076952,"40 Reed grove, East Gerardville",466,E00135576,OL7 8YT,Martin,1547850812847855718,Hughes,2,3,2,1969,50
801041330610,18676019709931137,"2 Harriet ranch, West Mohamedfort",212,E00119901,L0 0PW,Marian,6463934083989916235,Watson,2,3,2,1981,38
566986166794,45666523133954354,"092 Harris mews, Rickychester",744,E00119966,W86 3RJ,Lisa,5428823524598361677,Knight,1,19,2,2012,7
882568836312,66003104597004856,"Studio 5
Dorothy squares, Jadefurt",364,E00152623,EC1V 9ZQ,Douglas,8662475300258033718,Smith,2,31,12,1966,53
569571300751,64810328820375869,"489 Hughes flat, Vanessaborough",858,E00120168,S4 5HP,Damien,7288226851296692360,Cross,1,19,7,1908,111
918654843883,43517989019794940,"84 Scott knoll, Juliashire",496,E00037242,M8G 1XJ,Nathan,9106159335699615855,Green,-7,25,12,2000,19
142539770320,63856991763931832,"1 Elizabeth alley, Hansonfort",348,E00037196,DH4Y 9YX,Alexander,2521760117603619006,Richardson,2,27,3,1975,44
75260825247,32555638206842818,"128 Jason parkway, New Abigailside",643,E00119885,RH02 2QX,Barry,8211360951291958829,Cooper,1,27,11,1960,59
839205487034,96417239774502959,"Flat 39
Hartley fall, North Maxport",344,E00165378,BL61 3ER,Josh,9819598587287567803,Anderson,-9,10,9,1943,76
827480571950,40304302662165961,"04 Jane trace, Arthurview",140,E00141191,LU67 1GB,Lindsey,2110489721375051420,Dodd,-7,14,2,1924,95
616499960636,53924983415391365,"5 Kerry park, New Rosemary",566,E00120013,B76 5SP,Lewis,1685401668319020820,Jackson,-7,18,6,2019,0
87850498018,10538995444869615,"Studio 45
Jason islands, Lake Janetborough",188,E00142037,E9 4EY,Maurice,4775143233806839193,Watson,-7,15,1,1983,36
905127391942,51249931344022729,"Studio 16J
Abigail villages, North Dalestad",442,E00163959,EN69 0QG,Julie,6991771448087770725,Howard,1,10,7,1959,60
279736658720,19153495325029227,"68 Helen tunnel, New Mathew",831,E00037349,S9U 0LL,Dawn,4717145010773956028,Patel,2,26,4,1959,60
494538419093,51428664441125579,"124 Anderson fields, Lake Leahton",832,E00165533,SE7 2RU,Jake,6473951389505527515,Daniels,-9,28,12,1996,23
991603250736,41226925514355874,"Flat 83
Williamson street, South Georgina",28,E00135724,GY5 4UF,Anthony,6610076975110468678,Holland,-9,7,1,1975,44
494568467961,36012995712122446,"00 Williams ports, Dalehaven",642,E00164471,M4F 2JN,Kim,3189049045899660803,Whittaker,2,16,4,1921,98
504811528803,49194224697401730,"Studio 75
Parkinson rapids, West Marian",784,E00164626,G76 3ZR,Gareth,3407175058561378340,Marshall,1,16,10,1969,50
274388669858,85787493033277330,"Studio 51
Lindsey club, Rhysmouth",643,E00120106,TD37 2UR,Vanessa,1862752097046923353,Mason,-9,27,5,1922,97
685240928642,81207333536749990,"56 Emily junction, North Lorraine",760,E00135725,TF74 2GH,Shane,4833064268484682898,Baker,-7,3,10,1984,35
449228353728,25486876462595455,"445 Aimee viaduct, North Leahton",854,E00163914,N6C 9UN,George,6504379650269684952,Johnson,-7,18,9,2001,18
581398381927,77138588694886821,"167 Gibbs cliff, Joanberg",384,E00153526,HA13 8NL,Elaine,8724702153604332709,Baker,-7,11,9,1965,54
484077972050,38664625066882484,"791 Robinson meadows, North Kathrynbury",24,E00153637,PE8 5ZZ,George,3770019223502246139,Barrett,-7,24,11,1995,24
46974112499,50330065042827763,"4 Bartlett gateway, Harryland",974,E00153630,SW8M 6NY,Sean,4215715967429464066,Taylor,2,8,3,1961,58
305974669044,60065978826504729,"51 Nicola mill, Douglasfort",796,E00164397,E6 1QB,Katy,1289795169236643691,Wood,2,16,9,1947,72
926242940448,52763662226228362,"Studio 89
Tracy lake, East Joseph",626,E00165388,G25 2ZN,Jacqueline,9016697764631589474,Perkins,2,4,1,1922,97
62883034425,48327934289331491,"Studio 38h
Graham row, Gallaghertown",776,E00164604,L9S 0PH,Derek,1300739672014676151,Howell,-7,25,11,1984,35
146112168760,21958601621624125,"Studio 19d
Derek way, Rachelhaven",316,E00135624,S1E 8WE,Robert,3636456760726436472,Brookes,-7,2,12,2000,19
410605495019,44233536842998685,"64 Williams locks, New Damianland",643,E00165427,CA66 1RH,John,6405630041602039852,Whittaker,1,6,3,1940,79
892567117720,96192087969472779,"Flat 11
Jonathan well, New Valerie",591,E00135718,W4K 5ED,Mohammed,9183098466656515491,Saunders,-9,31,1,1973,46
411876241114,24821633158049415,"Flat 55n
Reece turnpike, Lake Abdul",480,E00135552,PL4 4PX,Stewart,7047976851435595001,Slater,2,1,8,2019,0
313488474559,14233686343129793,"69 Christine road, North Louis",116,E00163997,TA88 1UY,Ruth,2717364661424406408,Hudson,2,19,7,2009,10
788576199870,31023063199718394,"Studio 91
Burke stream, North Francesca",583,E00135462,L59 2UQ,Marion,5521430224302710927,Howard,1,1,11,1941,78
510383520246,68353594057729302,"Flat 83x
Graeme union, Lydiabury",795,E00165663,N6W 8BA,Barbara,6016313614276600741,Wilson,1,9,1,1909,110
410811990288,53198482742045332,"Flat 64
Clarke neck, Rogershire",854,E00142017,HU6 7LA,Wayne,7810702158450480253,Fitzgerald,-9,22,1,1985,34
460765464694,17097155472979229,"1 Julia ports, East Kimberley",562,E00165736,DL5 1AZ,Valerie,2192986185915915797,Day,-7,29,8,2001,18
494627856279,87892221645704649,"Flat 48d
Hugh square, Kimberleyview",74,E00037090,M4 0YR,Melissa,8923038050687210858,Williams,1,3,3,2004,15
410923702965,85839230286126385,"Flat 9
Jason ranch, North Clare",484,E00119945,SG3 0SL,Maureen,1272911316152572558,Oliver,2,11,8,1928,91
818375029624,28748218582047865,"95 Kathleen cliffs, West Cheryl",530,E00163851,DA6 3RG,Suzanne,7208240181322812301,Faulkner,-7,9,9,1932,87
397704027382,43237720067495575,"7 Rachel station, Waltersmouth",926,E00164540,ME7Y 9GY,Marion,4338140250894029727,Turner,2,11,4,1939,80
458255684212,76784742062263951,"Flat 65
Smith turnpike, Bethanyborough",686,E00164417,TR3A 2BN,Stuart,4590649188320614005,Taylor,-9,8,9,1920,99
118507014047,59532434834677953,"Studio 33w
Leigh river, South Albert",292,E00142269,L1F 4JN,Alexander,5680366535635303224,Taylor,-7,24,3,1987,32
68262077996,14456988303309543,"Flat 00k
Davies junction, New Patricia",574,E00165583,BL39 0EJ,Joanna,4877603259557813437,Holmes,2,3,7,1933,86
235016982598,30168114161267930,"39 Kayleigh mills, Paulville",981,E00163902,OL0V 9SZ,Marie,3178926752856475879,Smith,-7,19,9,1953,66
762759913927,71932368003948193,"205 Brian summit, East Jade",674,E00037317,WV85 8ER,Carly,3834302393719672886,Ali,-9,13,1,2000,19
889307354990,82548703905943260,"Flat 1
Paul circles, Donnamouth",520,E00165629,PR7 4HL,Jonathan,4759397499379018016,Jones,-9,11,7,1975,44
646839477470,40195881146587274,"Flat 01k
Toby orchard, South Shirley",981,E00152666,G6U 8EA,Cheryl,9196887569112244933,Thompson,1,7,5,1916,103
225670956773,15549613788917112,"Flat 7
Katy point, West Jean",642,E00135536,CT6N 5AF,Stephanie,2316124639095966145,Watkins,-9,12,9,1997,22
709154022759,79391849093188208,"Studio 1
Katherine parkway, Phillipfurt",174,E00119915,KY2V 0RN,Melanie,4635557325524087508,Begum,-9,31,12,1908,111
686216860989,43704156922598882,"6 Kenneth run, Phillipsview",270,E00119840,TR3 5BP,Ashley,5608175658305403051,Jones,1,23,4,2003,16
492688735399,94950411815521588,"3 Pamela village, North Geraldine",756,E00171432,BA8X 5XX,Guy,2092907738382164581,Smith,1,22,9,1942,77
102702501666,26830967802734007,"Flat 69c
Bruce square, East Simonhaven",702,E00153381,NN34 0YS,Lee,1967720571031096322,West,2,6,5,1936,83
377470964655,48459962017175150,"609 Charlene ramp, East Josephmouth",254,E00164489,BB3A 6EB,Joe,5158926354875043555,Wilson,1,7,9,2005,14
594532177298,63004311405168509,"Studio 81e
Denis springs, Martinland",620,E00135529,CW75 0NP,Harriet,7299475313301445665,Moran,1,8,7,1990,29
871079937921,79451209542480013,"413 Roberts circles, Kieranland",972,E00119817,L0 8JT,Rosie,6264392821389449802,White,2,11,2,1904,115
765815843987,24718685711360901,"9 Jones place, New Geraldbury",454,E00120017,PL7 9ER,Ryan,4208464054627725461,Brown,-7,26,9,1917,102
219751992662,80340298340004269,"38 Douglas plains, Port Susanburgh",20,E00164109,N93 9RQ,Timothy,6903483797982748400,Gordon,2,31,5,1944,75
195338558780,12879009154532019,"2 Jennings glens, Cliffordborough",174,E00164486,GY86 3ZS,Yvonne,5536106103427296524,Jackson,-7,20,7,1991,28
575760677331,77040832734557759,"Flat 38
Tina fall, Port Annetteborough",140,E00165576,B8 5TR,Annette,5947887699446430881,Baldwin,-7,17,2,1964,55
586826369148,84684609198600623,"9 Mark square, Alicefurt",583,E00164558,W7W 9NQ,Joanne,2774166605074668608,Payne,-9,19,12,1918,101
803683532616,95508247617954944,"Flat 4
Myers station, West Carolynton",574,E00142017,W28 1BR,Beth,3317662221199241973,Butler,-7,12,12,1923,96
127532296601,41130926126107996,"6 Robertson fork, North Georgia",800,E00135533,G3 3NS,Lynn,9477417251888889346,Wilson,-7,16,7,1974,45
353313696054,51988948930839517,"255 Joanne track, New Alanfort",234,E00141266,S5 3UT,Joe,2436273670590104127,Taylor,2,7,7,1913,106
6092410303,48911100301252169,"639 Glen trail, New Simonstad",392,E00135486,DE0H 7BN,Tracey,7774177602735161276,Kay,-9,8,6,1993,26
593454518889,85522636644021226,"28 Wright bridge, Lake Wendy",516,E00120150,BA4 6BN,Wendy,9608148624799829367,Jones,-9,23,9,1980,39
462204496971,13549488220057474,"049 Marsh rapids, Stewarthaven",902,E00119892,BA6W 7NS,Natalie,1952793771974853246,Barrett,-7,17,7,1907,112
553997920099,65039815806698257,"6 Harris flats, Charliebury",831,E00120163,L8 1BH,Raymond,5088347882229164188,Stevens,-7,18,10,1915,104
650758327306,32135171153408170,"Flat 61Q
Joyce ways, Claireland",598,E00164114,LS4 3NX,Thomas,1228680973539137853,Turner,2,30,4,1938,81
951067823259,68353594057729302,"Studio 55e
Ricky crescent, Braystad",246,E00171593,N30 2QP,Lesley,7360043042218225287,Harper,1,7,5,1986,33
134130347943,35986629722149001,"145 Evans stravenue, South Gary",266,E00119970,EN43 1RP,Zoe,8298628858426466783,Skinner,-9,19,7,1961,58
146905195084,94423644871770149,"6 Barbara walk, Joannafort",10,E00165468,E8W 0WZ,Kayleigh,4065526407190074325,Morris,2,10,6,1968,51
609017686887,41956327304059573,"Flat 10
Shaw canyon, Dixonfort",800,E00164414,GY5M 7QS,Oliver,2150991406104618731,Moss,2,21,9,1973,46
798831699667,53555383182286286,"Flat 76
Moore view, Richardsstad",752,E00135541,S7H 8XR,Tom,9130396314039365933,Davis,-9,30,3,1954,65
248777696787,84749408840543376,"72 Jay run, Lake Andrea",833,E00119974,SA86 9UW,Pauline,3986326928159016784,Thompson,-9,7,9,1995,24
94284731533,46278903320213230,"Studio 90
Marshall islands, Bentleyborough",951,E00135428,GU7 5ZP,Samantha,4858570769548052306,Butler,-9,7,7,1990,29
208108932841,48911100301252169,"45 Knowles gateway, Doddburgh",496,E00037163,S36 9RU,Mark,6599556284276976515,Hale,2,10,4,1996,23
85475083684,36327051139268159,"Studio 96g
Johnson cove, Oliviastad",554,E00152646,M2S 1ZD,Emma,9231528764406959948,Burke,2,22,7,1961,58
971712131103,63620335181974513,"181 Little viaduct, Morganstad",876,E00153514,WR6H 9SR,Malcolm,3504161084655119565,Ross,2,11,8,1921,98
920125835945,63552458053421880,"29 Parkin station, Port Robert",158,E00164405,N9F 3HQ,Graham,9428982755362253878,Begum,1,12,12,1947,72
62869341037,38583749846010405,"Flat 58x
Leslie island, East Louis",175,E00153431,CH9H 4GE,Michelle,5716793682079462406,Jones,1,29,6,1984,35
801518830544,74890675242057540,"Flat 6
Lee hills, Perryberg",180,E00142180,CR56 6RY,Kayleigh,9355255332135930432,Evans,1,2,2,1917,102
942894666809,78394813371037180,"15 Bruce hills, New Shirleytown",92,E00037296,TW6 6XA,Ellie,5317834689453109644,Jones,-9,8,9,1921,98
347917898540,46152413370968901,"Flat 00c
Jayne port, South Gail",646,E00037352,S2U 6FG,Joseph,2778509691553306733,Fletcher,-9,20,1,1917,102
435933009916,49836547808194022,"013 Begum unions, Gillstad",100,E00141191,BL2M 6UR,Rosie,4725411876364318558,Grant,2,7,3,1965,54
25893522994,31135078289206063,"Studio 47V
Toby coves, Lake Georginastad",242,E00135659,S6 8XW,Jasmine,8176653179050255004,Robinson,-9,11,2,1985,34
923678235979,77512044104239989,"13 Wendy courts, New Dianetown",28,E00152639,HP1 5EL,Bryan,3104352215360610686,Davison,-9,24,1,2001,18
135257458746,80126200007711158,"Flat 22
Begum trace, Shawtown",951,E00135507,S53 7DB,Abbie,3181004447265581754,Hart,-7,21,7,1940,79
205735667077,51597562014353668,"58 Shane vista, Brendafurt",744,E00141259,PH8R 3LQ,Matthew,3533077472878985949,Miller,2,4,1,2017,2
448607655865,97334479783599813,"Flat 2
Dale mountain, Danielmouth",238,E00141230,N4S 2HU,Beth,7173261509567635012,Davison,1,8,2,1930,89
