ID_CEN,ID_CCS
c5796342435356987048,c5613465989096768485
c4631255021158490355,c5613465989096768485
c3223408479908800643,c5613465989096768485
c1724138162999323628,c5613465989096768485
c4793278317621309514,c5613465989096768485
c1724615320390048924,c5613465989096768485
c3375286412122375521,c5613465989096768485
c3881131219148248232,c5613465989096768485
c4203789236033426454,c5613465989096768485
c3597790774266500810,c5613465989096768485
c2747448196182703563,c5613465989096768485
c4096377671316192104,c5613465989096768485
c4090568842113205543,c5613465989096768485
c7441911334766644007,c5613465989096768485
c5327847399545200410,c5613465989096768485
c5911653560016707889,c5613465989096768485
c2527250530461236363,c5613465989096768485
c4931518778078660465,c5613465989096768485
c3729735296856169102,c5613465989096768485
c3971336178920004852,c5613465989096768485
c3052951568488470817,c5613465989096768485
c2739464955449173255,c2448572843236053759
c8430330930447128096,c2448572843236053759
c6324982728124690068,c2448572843236053759
c2666260321299754844,c2448572843236053759
c4085447584762533614,c2448572843236053759
c7802155333102702951,c2448572843236053759
c5824552756374343735,c2448572843236053759
c8773596766151017771,c2448572843236053759
c4825657328105432571,c2448572843236053759
c4680580593577299903,c2448572843236053759
c7329896648783160200,c2448572843236053759
c5356462986067639581,c2448572843236053759
c8008747760176005121,c2448572843236053759
c4995880719988105176,c6572724121655684074
c1925839174275210595,c6572724121655684074
c6182078728879063397,c6572724121655684074
c7622168069203406999,c6572724121655684074
c4661263776172639243,c6572724121655684074
c5832158666819981672,c6572724121655684074
c5250452291621004851,c6572724121655684074
c2025736666355090383,c6572724121655684074
c2163803742547579167,c6572724121655684074
c5892884114720478974,c6572724121655684074
c4184886612726770676,c6572724121655684074
c7334827707439301027,c6572724121655684074
c4627408163171908792,c6572724121655684074
c7775907276368218925,c6572724121655684074
c5838008568816830941,c6572724121655684074
c1906811048237031054,c6572724121655684074
c4410864802196846702,c6572724121655684074
c8265169221299955324,c6572724121655684074
c1233437157722213582,c6572724121655684074
c8447852777961784200,c6572724121655684074
c7062546823650750502,c3813607227779029899
c2675658589964433552,c3813607227779029899
c8082195705522534889,c3813607227779029899
c3955401866234635780,c3813607227779029899
c5499163478298323150,c3813607227779029899
c3008624399687591998,c3813607227779029899
c3935514357577088798,c3813607227779029899
c1810239610646726701,c3813607227779029899
c1231450204625944195,c3813607227779029899
c2384413320151340834,c3813607227779029899
c7596110478219168375,c3813607227779029899
c3262636916800638632,c3813607227779029899
c2021672861871150377,c3813607227779029899
c3005645283892068829,c3813607227779029899
c2532253123323509723,c3813607227779029899
c9202325522861340931,c3813607227779029899
c2445424822814621011,c3813607227779029899
c1637415628239283908,c3813607227779029899
c3601648803377719340,c3813607227779029899
c2902886007098002153,c3813607227779029899
c8920760255460761118,c3813607227779029899
c7452930910729180525,c3813607227779029899
c6815720781767695870,c3813607227779029899
c2372299874775561663,c7292577254015120097
c5301743236617987727,c7292577254015120097
c8987933139105712967,c7292577254015120097
c5872420993070152267,c7292577254015120097
c1414009411384522611,c7292577254015120097
c5341787260450007091,c7292577254015120097
c6600730202593238334,c7292577254015120097
c8506445281248051591,c7292577254015120097
c4440947929492725764,c7292577254015120097
c8112837847357975955,c7292577254015120097
c4586798202658926248,c7292577254015120097
c2401996997627290096,c7292577254015120097
c2147488003182520903,c7292577254015120097
c8465681692825010496,c7292577254015120097
c8859501695473140017,c7292577254015120097
c4583243954110348526,c7292577254015120097
c1301274274200188576,c7292577254015120097
c1634943362810804415,c7292577254015120097
c5951523202973882203,c7292577254015120097
c2080495868513735353,c7292577254015120097
c8060891655087368087,c7292577254015120097
c6305109147137656393,c3508808401066071725
c3766143179768496390,c3508808401066071725
c9170647001363965948,c3508808401066071725
c8327912994327083292,c3508808401066071725
c3828326971717930047,c3508808401066071725
c6125530033465191298,c3508808401066071725
c4179309393320691025,c3508808401066071725
c6182684441972533070,c3508808401066071725
c5744566462997123681,c3508808401066071725
c3325712981262064957,c3508808401066071725
c7528590695512550106,c3508808401066071725
c8642849138958455145,c3508808401066071725
c3024844404963628508,c3508808401066071725
c5484615754842399345,c3508808401066071725
c7054899054557794561,c3508808401066071725
c8049226694425954308,c3508808401066071725
c4445213226709851728,c3508808401066071725
c1315325770114053388,c1635997426031697541
c5046107371591269913,c1635997426031697541
c2643193814762109763,c1635997426031697541
c4566111862749141978,c1635997426031697541
c3884418047437583463,c1635997426031697541
c3308792914386827036,c1635997426031697541
c8150745147615914718,c1635997426031697541
c5889096279362406523,c1635997426031697541
c3884733964341323865,c1635997426031697541
c5144999218985496783,c1635997426031697541
c1423065750235470874,c1635997426031697541
c8629325949359987577,c1635997426031697541
c7199173799820508899,c1635997426031697541
c4118675056366195792,c1635997426031697541
c6203446537712940752,c1635997426031697541
c2880317732592450286,c1635997426031697541
c9489726376173970985,c1635997426031697541
c1383754616237508593,c1635997426031697541
c5431874306510651093,c1921395451344011350
c9113553053424895299,c1921395451344011350
c5032205761952087635,c1921395451344011350
c8157358053764635274,c1921395451344011350
c8942608006982224317,c1921395451344011350
c1062440359774728751,c1921395451344011350
c3597283728902892694,c1921395451344011350
c4362334177580026794,c1921395451344011350
c9439538448739070503,c1921395451344011350
c8043133243677285260,c1921395451344011350
c8281181609211251261,c1921395451344011350
c7801564510248852925,c1921395451344011350
c5468355670974597042,c1921395451344011350
c5541126856079237333,c1921395451344011350
c8104539698023153918,c1921395451344011350
c7588319030516923139,c1921395451344011350
c3642466219715418353,c1921395451344011350
c8316973630634429535,c1921395451344011350
c4893994758201646391,c1921395451344011350
c2490475200678942771,c1921395451344011350
c8960614041710859400,c1921395451344011350
c2550559310521838280,c4747504091516325236
c1320293946466598926,c4747504091516325236
c6258996656048186634,c4747504091516325236
c5497693686589261743,c4747504091516325236
c3215170540044707316,c4747504091516325236
c4927280207677053759,c4747504091516325236
c3726938278155362115,c4747504091516325236
c6090614449862399026,c4747504091516325236
c8964933392839483493,c4747504091516325236
c6134707501087770407,c4747504091516325236
c4030176974953543894,c4747504091516325236
c1670991137825885928,c4747504091516325236
c8986905495990600435,c4747504091516325236
c2225022773045984990,c4747504091516325236
c4272091209051653995,c4747504091516325236
c7664301043416877902,c4747504091516325236
c3166572336064324992,c4747504091516325236
c8295031740703163083,c4747504091516325236
c2207256490499320614,c4747504091516325236
c2482684992304697617,c4747504091516325236
c7267608611699105748,c4747504091516325236
c6565461142872601607,c4747504091516325236
c8787931498859463792,c4747504091516325236
c5599685297382424356,c4747504091516325236
c8979379489537841043,c4747504091516325236
c3370016956471576030,c4747504091516325236
c6635828733997094572,c4747504091516325236
c3548993126196920240,c4747504091516325236
c4156909909125232664,c4747504091516325236
c1410144517626377554,c6423770673344966014
c3884682281106776618,c6423770673344966014
c4689854367385733417,c6423770673344966014
c3275772635297514137,c6423770673344966014
c5394243249575854680,c6423770673344966014
c8026178693491088649,c6423770673344966014
c9136195014569234405,c6423770673344966014
c7316975556154123574,c6423770673344966014
c3684315513590416834,c6423770673344966014
c5372199164088596589,c6423770673344966014
c6789630754156394486,c6423770673344966014
c3512513784668650169,c6423770673344966014
c4396289410433313122,c6423770673344966014
c2408782730328071089,c6423770673344966014
c5428600154888094736,c6423770673344966014
c5877806701292176760,c6423770673344966014
c1532318746134406992,c6423770673344966014
c3576346321480870546,c6423770673344966014
c4478919210023685266,c6423770673344966014
c2797787459154749309,c6423770673344966014
c3848228408605537534,c6423770673344966014
c2413471701639478346,c6423770673344966014
c3656302793106933544,c6423770673344966014
c2057963594591508297,c6423770673344966014
c7706184080477641383,c6423770673344966014
c5613813206413417828,c6423770673344966014
c9003071050633487696,c6423770673344966014
c1303748998670616280,c6423770673344966014
c4873817760727545251,c6423770673344966014
c5869811140172239284,c2011403870673835329
c1701443631812934363,c2011403870673835329
c6580101954714829848,c2011403870673835329
c7970605616811878168,c2011403870673835329
c7146233757909511714,c2011403870673835329
c2257018872510690033,c2011403870673835329
c8744932789637479754,c2011403870673835329
c6656628870429302874,c2011403870673835329
c5426808553856694461,c2011403870673835329
c2746675539771346101,c2011403870673835329
c6645190818814242473,c2011403870673835329
c4909255384000988526,c2011403870673835329
c7674412690761919127,c2011403870673835329
c3256443410759134104,c2011403870673835329
c1464245010829495028,c2011403870673835329
c1357004247774080574,c2011403870673835329
c7244416988471032559,c2011403870673835329
c7266864758230318505,c3040879499179992744
c2282755282937534742,c3040879499179992744
c7609746322535565479,c3040879499179992744
c8920875970125162610,c3040879499179992744
c6849090117505045134,c3040879499179992744
c7825041739333051567,c3040879499179992744
c4662528637570445271,c3040879499179992744
c8241284783156727154,c3040879499179992744
c6503739578907833049,c3040879499179992744
c7071775328342237556,c3040879499179992744
c3054657997918715577,c3040879499179992744
c6875484580341135422,c3040879499179992744
c7145839645055865860,c3040879499179992744
c1500234877572620728,c3040879499179992744
c3493214924336892685,c3040879499179992744
c1747936414957399058,c3040879499179992744
c7861077768818549876,c3040879499179992744
c9171390664981340536,c3040879499179992744
c8128088701177876777,c3040879499179992744
c3143537112530871753,c3040879499179992744
c6098997100421988477,c3040879499179992744
c2541098116180077961,c3040879499179992744
c5445779085744038003,c3040879499179992744
c6846190654297137921,c2691390109375125363
c7111120252278240619,c2691390109375125363
c7225813494690930970,c2691390109375125363
c1284546330152237067,c2691390109375125363
c3856444062356967316,c2691390109375125363
c3429904202377427623,c2691390109375125363
c4851087939812900574,c2691390109375125363
c8083348287413871452,c2691390109375125363
c3342731975484547726,c2691390109375125363
c6997377574488122387,c2691390109375125363
c3024110978693981125,c2691390109375125363
c2634167444724088656,c2691390109375125363
c5023577926888709016,c2691390109375125363
c1925550939256101088,c2691390109375125363
c8059162611506332335,c2691390109375125363
c7813727827263484842,c2691390109375125363
c8393518877854348345,c2691390109375125363
c4118980252141118451,c2691390109375125363
c2820226713291814664,c2691390109375125363
c7295557459060503406,c8863969667833269812
c8917760081007306169,c8863969667833269812
c4326085647234297566,c8863969667833269812
c6796233388738065399,c8863969667833269812
c2556018494779344591,c8863969667833269812
c5814887246451245213,c8863969667833269812
c6722272297450463228,c8863969667833269812
c2430294258294708694,c8863969667833269812
c4341393002538614035,c8863969667833269812
c6426296912645507501,c8863969667833269812
c4200491296724969523,c8863969667833269812
c4775188935574517811,c8863969667833269812
c1888203093259991906,c8863969667833269812
c3165731848299157591,c8863969667833269812
c4257999231541103222,c8863969667833269812
c3434289197218842591,c8863969667833269812
c2839208238802492795,c8863969667833269812
c3812931686855891930,c8863969667833269812
c1472890694856841567,c8863969667833269812
c1728063288558221859,c8863969667833269812
c5689579038446456200,c8863969667833269812
c5665626560710619215,c8863969667833269812
c3525970644479278839,c8863969667833269812
c1428674888743044604,c3161804043688084997
c8973283667513744750,c3161804043688084997
c1343659264256547055,c3161804043688084997
c7829298868654773308,c3161804043688084997
c8260218754871184790,c3161804043688084997
c1038017721083683335,c3161804043688084997
c1416052424379633143,c3161804043688084997
c7731783459607520923,c3161804043688084997
c8233483511947539700,c3161804043688084997
c7741526034823908336,c3161804043688084997
c1794851260534927910,c3161804043688084997
c6973082070230561641,c3161804043688084997
c4934525106798371599,c3161804043688084997
c4659586699368205480,c3161804043688084997
c4332097404109476598,c3161804043688084997
c2848681498663492447,c3161804043688084997
c7113505420338797008,c3161804043688084997
c6036945383807434088,c3161804043688084997
c5693360596801554981,c3161804043688084997
c2433682567549995455,c3161804043688084997
c5002802826511264018,c3161804043688084997
c2730702511776408408,c7325126120078539743
c7845192308027947734,c7325126120078539743
c6981789549120572960,c7325126120078539743
c6882059379875395135,c7325126120078539743
c1693578055975830248,c7325126120078539743
c5840538212423021285,c7325126120078539743
c8587794076404138835,c7325126120078539743
c6890132596085013642,c7325126120078539743
c2406128382446630697,c7325126120078539743
c8390753628499743016,c7325126120078539743
c7877724465183225152,c7325126120078539743
c7347747183496590790,c7325126120078539743
c5938945966675351542,c7325126120078539743
c6646081764834862360,c7325126120078539743
c8312717077064370535,c7325126120078539743
c6652093760362678273,c7325126120078539743
c6138638107070316795,c7325126120078539743
c3653164333400990589,c7325126120078539743
c7144819191218788635,c7325126120078539743
c4128529301825414737,c7325126120078539743
c5810364730843947878,c7325126120078539743
c8745357927084133600,c7325126120078539743
c3418951154519484791,c7325126120078539743
c2677707291062617125,c7325126120078539743
c7522186860284158125,c3147961434500849263
c8888352674382971290,c3147961434500849263
c3137198895833053529,c3147961434500849263
c4202293322591074265,c3147961434500849263
c1880956460891391565,c3147961434500849263
c4782497253848451771,c3147961434500849263
c3324743760461163303,c3147961434500849263
c6255921125485978405,c3147961434500849263
c1135290694018996629,c3147961434500849263
c3455222298161596795,c3147961434500849263
c5523372378332249405,c3147961434500849263
c2763706597421588766,c3147961434500849263
c6719028558815069796,c3147961434500849263
c1751159136459161978,c3147961434500849263
c8244683461629945827,c3147961434500849263
c6496827653218524124,c6921576946480661074
c5027563213148268139,c6921576946480661074
c7009483533533948390,c6921576946480661074
c1259756074000664003,c6921576946480661074
c3315854116392842852,c6921576946480661074
c3495871486374258149,c6921576946480661074
c3071016341769112337,c6921576946480661074
c8836606262306337414,c6921576946480661074
c7895678812572130054,c6921576946480661074
c2747200524335843488,c6921576946480661074
c6513256091852295002,c6921576946480661074
c6629025139325065095,c6921576946480661074
c7963697559820851192,c6921576946480661074
c7591418252751565678,c6921576946480661074
c9053456432093275546,c6921576946480661074
c6763298041750018635,c6921576946480661074
c1090363011017451826,c6921576946480661074
c7454418899612637622,c6921576946480661074
c9065350981140124517,c6921576946480661074
c8185603246109320173,c6921576946480661074
c4438919804350976581,c6921576946480661074
c5801816673909987142,c6921576946480661074
c2845638770296455426,c6921576946480661074
c6457582542118991832,c6921576946480661074
c6275081842535811623,c6921576946480661074
c8566098903922583172,c6921576946480661074
c5811019630536124058,c4157055229145303312
c4447087722057145621,c4157055229145303312
c9105441676870807550,c4157055229145303312
c5003469336508971377,c4157055229145303312
c8688101861568642105,c4157055229145303312
c6023136067522611247,c4157055229145303312
c4001492087950847821,c4157055229145303312
c7137694462960945637,c4157055229145303312
c4304672105332069140,c4157055229145303312
c1632122743298757410,c4157055229145303312
c5835025131209258598,c4157055229145303312
c4512649297667395273,c4157055229145303312
c6384682280904951068,c4157055229145303312
c6172504477181140859,c4157055229145303312
c7346976884337749565,c4157055229145303312
c4991413413528733757,c4157055229145303312
c7556696037884320647,c4157055229145303312
c1169885292646964289,c4157055229145303312
c3627717703555183126,c4157055229145303312
c9058983866535685957,c4157055229145303312
c2610135703586915975,c1403162218526023644
c7121922495092705817,c1403162218526023644
c8793844290383190281,c1403162218526023644
c3634879251490203419,c1403162218526023644
c6393675547088433890,c1403162218526023644
c3227335507738395023,c1403162218526023644
c1894662421137667935,c1403162218526023644
c8755931440156028938,c1403162218526023644
c7173597142767394530,c1403162218526023644
c6642421094140348438,c1403162218526023644
c1606728571005206429,c1403162218526023644
c2313554270731176027,c1403162218526023644
c5530761092372967546,c1403162218526023644
c3652460659091575414,c1403162218526023644
c1418612951573203665,c1403162218526023644
c1449639033693747933,c1403162218526023644
c2097277663160990268,c1403162218526023644
c7660350081884474332,c1403162218526023644
c7569375792000605204,c1403162218526023644
c7020450805774996536,c1403162218526023644
c2544200383302486081,c1403162218526023644
c5206171821339348602,c1403162218526023644
c8280152996785884005,c8017175340044451435
c1222928520374587416,c8017175340044451435
c6360446538680559341,c8017175340044451435
c7684288385335043724,c8017175340044451435
c3300974070746628022,c8017175340044451435
c4375468634040091132,c8017175340044451435
c6345850112090633247,c8017175340044451435
c2432095913958743985,c8017175340044451435
c2454797266991150386,c8017175340044451435
c2562227191452724858,c8017175340044451435
c1801253852894505655,c8017175340044451435
c3202786330799544810,c8017175340044451435
c5444255737403038925,c8017175340044451435
c7230690057480353572,c8017175340044451435
c8102243945830491312,c1007477551454282033
c6945994143333442014,c1007477551454282033
c6811588878783865237,c1007477551454282033
c2454258874926772659,c1007477551454282033
c7046903023561452332,c1007477551454282033
c4040349279075870806,c1007477551454282033
c5123978912231562710,c1007477551454282033
c8807601367147718701,c1007477551454282033
c3505022240497588104,c1007477551454282033
c1333868093559870488,c1007477551454282033
c7429709451983069861,c1007477551454282033
c7654016495523756785,c1007477551454282033
c1680174137544436845,c1007477551454282033
c1818309330833566140,c1007477551454282033
c1764655807465377329,c1007477551454282033
c4857699996419159316,c1007477551454282033
c6940131070638097811,c1007477551454282033
c1313518083671797291,c1007477551454282033
c2095582507576465094,c1007477551454282033
c3217657474314729717,c1965716733230668057
c5928296658089816885,c1965716733230668057
c2681297495876433018,c1965716733230668057
c4901060484434344941,c1965716733230668057
c1762067073921134817,c1965716733230668057
c6976230428948120598,c1965716733230668057
c4594109212592017990,c1965716733230668057
c1685160961742661215,c1965716733230668057
c5895524128531986921,c1965716733230668057
c2713885783342193659,c1965716733230668057
c6233001976525697721,c1965716733230668057
c6808082517795119705,c1965716733230668057
c3246201172957796535,c1965716733230668057
c7501009444871569506,c1965716733230668057
c8704664075143634486,c1965716733230668057
c6033739577590533394,c1965716733230668057
c4492083842383572501,c1965716733230668057
c4056238600495836704,c1965716733230668057
c3598862952485403184,c1965716733230668057
c4601415793998781086,c1965716733230668057
c1867851437512293821,c1965716733230668057
c7311930364992758439,c1969856202241761162
c8741824521593588238,c1969856202241761162
c4221054885136346450,c1969856202241761162
c9077051235416738247,c1969856202241761162
c7213083862237313336,c1969856202241761162
c5744824353597927586,c1969856202241761162
c3710909254416214969,c1969856202241761162
c1374873814278246607,c1969856202241761162
c4316670630607689288,c1969856202241761162
c2865936444990469118,c1969856202241761162
c2756029968798157864,c1969856202241761162
c2004194465727592241,c1969856202241761162
c5587768978930160846,c1969856202241761162
c1026623771340240118,c1969856202241761162
c5357230268721632771,c1969856202241761162
c2092949524744929729,c6253891567400289786
c1933730018963436695,c6253891567400289786
c1484881997951942251,c6253891567400289786
c1829123846159966276,c6253891567400289786
c5576257365178835579,c6253891567400289786
c2693146644507676469,c6253891567400289786
c6415817010614479635,c6253891567400289786
c8010676534743431851,c6253891567400289786
c1610623577513737128,c6253891567400289786
c5113306020055303701,c6253891567400289786
c5013694621881321855,c6253891567400289786
c6482720028929151006,c6253891567400289786
c4086181692761623178,c6253891567400289786
c2050512503136256058,c6253891567400289786
c6730925721919692750,c6253891567400289786
c4568050959378898686,c6253891567400289786
c6558178381495366697,c6253891567400289786
c8951305645279835661,c6253891567400289786
c1361521802755906563,c6253891567400289786
c6151675398927560740,c4072371922952404606
c8252493262882298451,c4072371922952404606
c1979174141172761970,c4072371922952404606
c9103417578619637444,c4072371922952404606
c8907337677285525341,c4072371922952404606
c3017877821086145446,c4072371922952404606
c5971895952634702989,c4072371922952404606
c3749481282181044160,c4072371922952404606
c8934467015691989001,c4072371922952404606
c5603409934983143356,c4072371922952404606
c2234550741584462354,c4072371922952404606
c2114872688871076424,c4072371922952404606
c7347196913377776810,c4072371922952404606
c2941981190710963236,c4072371922952404606
c3809476565836875553,c4072371922952404606
c1966930678319716596,c4072371922952404606
c2134373225241860620,c4072371922952404606
c3082648784263939879,c2511699121411926219
c8391021278913239639,c2511699121411926219
c3734646593094563461,c2511699121411926219
c1956257623099888924,c2511699121411926219
c8601462317459739431,c2511699121411926219
c3077634161734986492,c2511699121411926219
c8389113371280716299,c2511699121411926219
c9139588211503918941,c2511699121411926219
c7294574881958896103,c2511699121411926219
c1467529624864960119,c2511699121411926219
c5232851447026378828,c2511699121411926219
c3380763476560273499,c2511699121411926219
c2429594839066983042,c2511699121411926219
c3693680423795985944,c2511699121411926219
c6261105804512521650,c2511699121411926219
c7074428253177317363,c2511699121411926219
c6422242460415089247,c2511699121411926219
c8844975119750557340,c2511699121411926219
c2346677961693381479,c2511699121411926219
c1390545495122927522,c2511699121411926219
c8229313374237405808,c2511699121411926219
c8657991504937765604,c2238238256263352623
c5958742947093457619,c2238238256263352623
c8964323283324081823,c2238238256263352623
c7578165321542736338,c2238238256263352623
c2778108593200000526,c2238238256263352623
c8236006535339246154,c2238238256263352623
c4257541706924055395,c2238238256263352623
c8514164920054494004,c2238238256263352623
c3259221685815480254,c2238238256263352623
c3581079504494291981,c2238238256263352623
c1379917920889736202,c2238238256263352623
c3549382976096016783,c2238238256263352623
c7500124793486941128,c2238238256263352623
c5277829501081204259,c2238238256263352623
c5864241430331295136,c2238238256263352623
c2809520860283999301,c2238238256263352623
c9495193353700593683,c2238238256263352623
c4015011269966767272,c2238238256263352623
c4651178441736755304,c2238238256263352623
c4801737057730211129,c2238238256263352623
c8042335253849062940,c2238238256263352623
c8851862756749980840,c2238238256263352623
c7445289479512011803,c2238238256263352623
c2431585800737162519,c2242704117263777987
c2124861458388144290,c2242704117263777987
c3567195713384139985,c2242704117263777987
c2486019664801590995,c2242704117263777987
c2726787291048103166,c2242704117263777987
c7004474802581441017,c2242704117263777987
c3181735083289991323,c2242704117263777987
c5487212020824836034,c2242704117263777987
c4773219191760817305,c2242704117263777987
c7356775401852685032,c2242704117263777987
c7700551606193387804,c2242704117263777987
c4522867740086887321,c2242704117263777987
c8851413253299606817,c2242704117263777987
c4035574585784044420,c2242704117263777987
c8141490224061488149,c2242704117263777987
c4868569104412611666,c2242704117263777987
c1253077122850978216,c2242704117263777987
c3146432580061067673,c2242704117263777987
c7312269961841374299,c2242704117263777987
c4394891753667488669,c2242704117263777987
c8908285948052033944,c2242704117263777987
c8875738879209199570,c2242704117263777987
c8841711968217878188,c2242704117263777987
c1364503531419846607,c4506841649469364841
c4248925403001603387,c4506841649469364841
c3630003582018840693,c4506841649469364841
c8664488503259643294,c4506841649469364841
c8969775253746121830,c4506841649469364841
c5786673745310768646,c4506841649469364841
c1459723186533843775,c4506841649469364841
c7281231763130885958,c4506841649469364841
c4962931271385490198,c4506841649469364841
c5615382546671681434,c4506841649469364841
c4085337966221011301,c4506841649469364841
c5770861861407563827,c4506841649469364841
c8776650940256586485,c4506841649469364841
c6992242751623561854,c4506841649469364841
c6280582762385848091,c4506841649469364841
c3810195082327563945,c4506841649469364841
c8440776782932418384,c4314604693343534363
c8362876616500539834,c4314604693343534363
c8402587814328940522,c4314604693343534363
c7889614909980704984,c4314604693343534363
c3168730703838687719,c4314604693343534363
c5249730259756090582,c4314604693343534363
c4809034684514585705,c4314604693343534363
c2873358282084321964,c4314604693343534363
c3541239809909739813,c4314604693343534363
c2738217626248307048,c4314604693343534363
c1579584365998590663,c4314604693343534363
c2793931188976178696,c4314604693343534363
c7408215345223512126,c4314604693343534363
c8811463642643723156,c4314604693343534363
c5331734892945784142,c4314604693343534363
c6803613561930731132,c4314604693343534363
c7434397495041469497,c4314604693343534363
c4140480576059723909,c4314604693343534363
c4124550925991627859,c7551227600385089018
c8706295724774076909,c7551227600385089018
c7089109564711006734,c7551227600385089018
c4524327522407114625,c7551227600385089018
c3167282008451900712,c7551227600385089018
c7878232744439482755,c7551227600385089018
c6575309517568031763,c7551227600385089018
c6001009433966453048,c7551227600385089018
c8752944419714790504,c7551227600385089018
c6598861575972958725,c7551227600385089018
c2294574508196483583,c7551227600385089018
c5926351318385451380,c7551227600385089018
c1338263836955305135,c7551227600385089018
c6882417586017851748,c7551227600385089018
c4473633171003425884,c7551227600385089018
c1999607910554363657,c7551227600385089018
c4890542509801507462,c7551227600385089018
c5158299314253377727,c7551227600385089018
c1185642899793503078,c7551227600385089018
c5429386908442803416,c7551227600385089018
c3599486052879715400,c7551227600385089018
c2544287021728765317,c7551227600385089018
c7751973490460982224,c7551227600385089018
c1660884022261753054,c7551227600385089018
c3254571494257917116,c7551227600385089018
c6801928069298447461,c6066948451086821744
c5554994297409713631,c6066948451086821744
c4697289615470411665,c6066948451086821744
c2473857143998473662,c6066948451086821744
c3704325932141162194,c6066948451086821744
c9156695258306272814,c6066948451086821744
c7669565406063380976,c6066948451086821744
c4350287574179938417,c6066948451086821744
c3336826609914710363,c6066948451086821744
c1446666966001801021,c6066948451086821744
c4768714740416978628,c6066948451086821744
c5367580592985115054,c6066948451086821744
c1600452651654394189,c6066948451086821744
c8133589072449334153,c6066948451086821744
c7574844586362046178,c6066948451086821744
c9167251125886414969,c6066948451086821744
c8607149806962691579,c6066948451086821744
c3696847967995341992,c6066948451086821744
c5689493008420152102,c6066948451086821744
c7363451280095467160,c6066948451086821744
c3012728052515450640,c6066948451086821744
c1204908595147546073,c6066948451086821744
c4490855558026835590,c6066948451086821744
c3294187614074300780,c7523152763343913500
c7137189973095757297,c7523152763343913500
c9066200703083325580,c7523152763343913500
c4890497044374827986,c7523152763343913500
c7585352110157033566,c7523152763343913500
c6217669016518562052,c7523152763343913500
c8843712677394178984,c7523152763343913500
c1571469625445917013,c7523152763343913500
c6822322585770050472,c7523152763343913500
c5765361439626643502,c7523152763343913500
c4133896726186680164,c7523152763343913500
c3849368548319009584,c7523152763343913500
c6938531019166402153,c7523152763343913500
c1872065587925833613,c7523152763343913500
c5212355550924420453,c7523152763343913500
c7496223457222856577,c7523152763343913500
c2399273215859323375,c7523152763343913500
c2525651686406039513,c8089586623229745922
c6484144242302255699,c8089586623229745922
c3740728910329674217,c8089586623229745922
c4912483501473766249,c8089586623229745922
c8204322071056214571,c8089586623229745922
c9514899817330555760,c8089586623229745922
c5318471666033415828,c8089586623229745922
c7835684663586299665,c8089586623229745922
c2534050567516990886,c8089586623229745922
c4583187290703235305,c8089586623229745922
c5088881953189757400,c8089586623229745922
c1404966097878422709,c8089586623229745922
c2626661286707657423,c8089586623229745922
c7403758292270755226,c8089586623229745922
c8094014952420837206,c8089586623229745922
c8223505805782073735,c8089586623229745922
c3492985990894494823,c8089586623229745922
c1647853599071755002,c8089586623229745922
c5827424830619533056,c8089586623229745922
c8061152644603098483,c8089586623229745922
c1017421081374257307,c8089586623229745922
c2473973439826701411,c8089586623229745922
c6399834928959378893,c8089586623229745922
c8336866687473173050,c8089586623229745922
c5310591236136462118,c8089586623229745922
c2871722524361977433,c8089586623229745922
c7947237395553602145,c8089586623229745922
c8958409888711670047,c1692733318236714477
c2639217516992455798,c1692733318236714477
c3653024717045594600,c1692733318236714477
c4807686023647356759,c1692733318236714477
c6779474930780334702,c1692733318236714477
c2203280530788093341,c1692733318236714477
c8355175906660271635,c1692733318236714477
c1715694544888743905,c1692733318236714477
c3328783957796563992,c1692733318236714477
c7850755583036071156,c1692733318236714477
c2591189937307794933,c1692733318236714477
c7219457654416428105,c1692733318236714477
c3011964083626639736,c1692733318236714477
c2744274387025291262,c1692733318236714477
c8228268513699855786,c1692733318236714477
c2433312343402168038,c1692733318236714477
c7163690538195428450,c2521558312951123865
c8212219146646890167,c2521558312951123865
c2808675943930446267,c2521558312951123865
c3403464144164548633,c2521558312951123865
c4764788940645287624,c2521558312951123865
c3799628689450509677,c2521558312951123865
c4260485434256175772,c2521558312951123865
c5011314171938063369,c2521558312951123865
c9136103983414248369,c2521558312951123865
c3311795304021876429,c2521558312951123865
c5871947852273347010,c2521558312951123865
c6498753764928752746,c2521558312951123865
c6157065844132234078,c2521558312951123865
c5767947650287179985,c2521558312951123865
c4829673312789618204,c2521558312951123865
c2930081601789561990,c2521558312951123865
c8837503541371595170,c2521558312951123865
c2349959121495920011,c2521558312951123865
c4437656201293524887,c2521558312951123865
c6583574513864140333,c2521558312951123865
c6161691386615795134,c3263063164272343973
c5080524892957716948,c3263063164272343973
c5958656581321054571,c3263063164272343973
c2287635511189977271,c3263063164272343973
c2115065035026021552,c3263063164272343973
c4839459581611076780,c3263063164272343973
c7544250148236726248,c3263063164272343973
c4666743818884821041,c3263063164272343973
c7909902904092702666,c3263063164272343973
c4094843539802701302,c3263063164272343973
c1308352050769497326,c3263063164272343973
c1895429856555983398,c3263063164272343973
c8812843395047224018,c3263063164272343973
c4926631909006223621,c3263063164272343973
c5058657245307254458,c3263063164272343973
c4068874992307235956,c3263063164272343973
c5530081126085442429,c3263063164272343973
c2794337150942167143,c3263063164272343973
c3366059438103338344,c3263063164272343973
c6477556649819317452,c3263063164272343973
c7045989404777869872,c3263063164272343973
c7108931913171127176,c2070447693557960112
c5425015324231973822,c2070447693557960112
c8693698826559676589,c2070447693557960112
c5956072406198420337,c2070447693557960112
c2088949951519379555,c2070447693557960112
c4687975417087476675,c2070447693557960112
c2407185404481018172,c2070447693557960112
c6302345180471212317,c2070447693557960112
c4454801658279513471,c2070447693557960112
c3571753153235691817,c2070447693557960112
c2490751315087375018,c2070447693557960112
c3227780338434528175,c4021381612899666943
c6755230663201339849,c4021381612899666943
c4567768405237627625,c4021381612899666943
c1348184770600605093,c4021381612899666943
c2899617797379546372,c4021381612899666943
c8620806156730782389,c4021381612899666943
c4383139165172700435,c4021381612899666943
c1067784760691888255,c4021381612899666943
c3406976004415965759,c4021381612899666943
c8203748323555318567,c4021381612899666943
c4472442821748438740,c4021381612899666943
c7223242690239983325,c4021381612899666943
c2037125076564677717,c4021381612899666943
c4589484904484111848,c4021381612899666943
c6609431869646144647,c4021381612899666943
c6230658382330247091,c4021381612899666943
c3231401545299646094,c6399271101443354720
c4706071295952182611,c6399271101443354720
c1194316210418599663,c6399271101443354720
c4794827204476285153,c6399271101443354720
c2289024428113223591,c6399271101443354720
c5390826545060505671,c6399271101443354720
c7732472401251056535,c6399271101443354720
c4061531026323649509,c6399271101443354720
c3728298358299179614,c6399271101443354720
c4015398570269306709,c6399271101443354720
c5424996648133659076,c6399271101443354720
c6606899995610802326,c6399271101443354720
c6205431804823323975,c6399271101443354720
c9203603284459580072,c6399271101443354720
c5859996936013085079,c6399271101443354720
c5510468155306342174,c6399271101443354720
c8686292126780101258,c6399271101443354720
c1897979003279266036,c6399271101443354720
c2464018908304202013,c6399271101443354720
c3968792032906910679,c6399271101443354720
c1027259749486799821,c1880757395110588110
c5072653367973413059,c1880757395110588110
c2118832327524191221,c1880757395110588110
c5815258641303747111,c1880757395110588110
c5450642936551995646,c1880757395110588110
c1098339344760274188,c1880757395110588110
c8568665603532508590,c1880757395110588110
c8338835245106579053,c1880757395110588110
c2685379967276763320,c1880757395110588110
c6772382519621035417,c1880757395110588110
c3356681972836824912,c1880757395110588110
c2716392263382647049,c1880757395110588110
c8500997917421483498,c1880757395110588110
c5410417568725721021,c1880757395110588110
c4297913893988962049,c1880757395110588110
c6685070740344187750,c1880757395110588110
c2828226384635679600,c1880757395110588110
c5586979409580978253,c1880757395110588110
c4638248361470937987,c1880757395110588110
c3993228165894930829,c1880757395110588110
c5790886321464155194,c1880757395110588110
c5986953817351767534,c8399256458176292772
c7817030516433076447,c8399256458176292772
c3273327668361007500,c8399256458176292772
c2684373096741987029,c8399256458176292772
c7965556018367419409,c8399256458176292772
c6815988882612257286,c8399256458176292772
c8923897732968533533,c8399256458176292772
c5929284203398465124,c8399256458176292772
c1299535039800349380,c8399256458176292772
c5403796431852295138,c8399256458176292772
c2096538856459504378,c8399256458176292772
c9157830332572524042,c8399256458176292772
c7785533552163943630,c8399256458176292772
c4687824191935819571,c8399256458176292772
c8997742286517592066,c8399256458176292772
c5965082756236411230,c8399256458176292772
c2765067554771067107,c5918170593827310336
c9079650995462374485,c5918170593827310336
c3609929672872944956,c5918170593827310336
c8522633998706833724,c5918170593827310336
c2125992763852018749,c5918170593827310336
c8969769668642146029,c5918170593827310336
c5626737417503920412,c5918170593827310336
c3126214763095741268,c5918170593827310336
c2982437504165378043,c5918170593827310336
c3500943738044465495,c5918170593827310336
c1539703786980474402,c5918170593827310336
c4897539221834645860,c5918170593827310336
c5627051150992027414,c5918170593827310336
c3575571346660390005,c5918170593827310336
c8071272814871602118,c5918170593827310336
c7491117677782337373,c5918170593827310336
c8620888524975194289,c5918170593827310336
c1454780415461909221,c5918170593827310336
c6102300377383308734,c5918170593827310336
c2737362162263667362,c5918170593827310336
c5726513031235375833,c5918170593827310336
c5197178004742034200,c5073209633897194748
c5895574172461382666,c5073209633897194748
c8069098698798141037,c5073209633897194748
c3419019194847760984,c5073209633897194748
c4425036100697680007,c5073209633897194748
c7199714206912429532,c5073209633897194748
c2290061536147576259,c5073209633897194748
c6372015514533048632,c5073209633897194748
c2412228598959077810,c5073209633897194748
c7812427802720944860,c5073209633897194748
c2387588019890799548,c5073209633897194748
c4979335986994438261,c5073209633897194748
c8405583724679183543,c5073209633897194748
c8944478350616831458,c5073209633897194748
c5856370758706457830,c5073209633897194748
c7969332943809487248,c5073209633897194748
c8510917853247060131,c5073209633897194748
c5962950437020840171,c5073209633897194748
c7664545507693809527,c5073209633897194748
c2564017441114962409,c5073209633897194748
c2732736222068803245,c5073209633897194748
c1824630427697302525,c5073209633897194748
c2845905757687621164,c5073209633897194748
c6201487844427454454,c5073209633897194748
c6984273759970378132,c5399584400414808396
c3478595337736775402,c5399584400414808396
c6367913518397212388,c5399584400414808396
c3981945144808542202,c5399584400414808396
c7543337455774486200,c5399584400414808396
c6482015052592082603,c5399584400414808396
c2179739897975207939,c5399584400414808396
c5312006020792057047,c5399584400414808396
c8620909308223809400,c5399584400414808396
c5349767793331764453,c5399584400414808396
c2060170633721735784,c5399584400414808396
c3150925242910799551,c5399584400414808396
c1306433779333813827,c5399584400414808396
c5766074060072641492,c5399584400414808396
c7081228849489420127,c5399584400414808396
c6710123507831081831,c5399584400414808396
c2818986110448226604,c5399584400414808396
c4645407903503285298,c6452331799253132273
c7848718374970667411,c6452331799253132273
c8362167977396174277,c6452331799253132273
c3865318037071345742,c6452331799253132273
c8559528437789576882,c6452331799253132273
c3605270687383949573,c6452331799253132273
c3491484094793529383,c6452331799253132273
c8008350470306289130,c6452331799253132273
c5064671278750071540,c6452331799253132273
c4930561456848374603,c6452331799253132273
c6927723663000883207,c6452331799253132273
c8829384295937412986,c6452331799253132273
c5500454786808699759,c6452331799253132273
c1611777284326183841,c6452331799253132273
c2344302941071905153,c6452331799253132273
c9118781879921412456,c6452331799253132273
c6607209886776260100,c6452331799253132273
c4652739139054219249,c6452331799253132273
c4670462186007169459,c6452331799253132273
c6525426745288170670,c5795164697493468442
c8357358516143430431,c5795164697493468442
c1127581234313607889,c5795164697493468442
c6657530199478990744,c5795164697493468442
c7939209707586284527,c5795164697493468442
c3893842458050291633,c5795164697493468442
c1907094975677862728,c5795164697493468442
c8172975813731088366,c5795164697493468442
c2851634623595939210,c5795164697493468442
c1330438133430377213,c5795164697493468442
c2261967316804871472,c5795164697493468442
c4519010903626033432,c5795164697493468442
c5719173613909230215,c5795164697493468442
c2462406867898884366,c5795164697493468442
c5672169666967943353,c5795164697493468442
c8331166590143417005,c5795164697493468442
c6257287553020776421,c5795164697493468442
c8655840634863725031,c5795164697493468442
c8348718890029801285,c5795164697493468442
c6092529004619921910,c5795164697493468442
c7461689173198789599,c5795164697493468442
c3958042095793201014,c5795164697493468442
c7351446896112660385,c5795164697493468442
c7527570862537159050,c5795164697493468442
c2931441178140542182,c5795164697493468442
c2933718983656973112,c2369132251386766775
c3381532509535130542,c2369132251386766775
c1572453279328065422,c2369132251386766775
c5142068063075186719,c2369132251386766775
c3838489938115889374,c2369132251386766775
c4983144382169472351,c2369132251386766775
c7460516109348081502,c2369132251386766775
c3700445972562217013,c2369132251386766775
c3302093292582204295,c2369132251386766775
c7843048142390487709,c2369132251386766775
c2489600787243322430,c2369132251386766775
c4912280780802090886,c2369132251386766775
c4446885932014964389,c2369132251386766775
c8477546288357189185,c2369132251386766775
c7436317212474410055,c2369132251386766775
c3595689249254345121,c2369132251386766775
c8999455946475488419,c2369132251386766775
c2816376271273368567,c2369132251386766775
c3124782501066518157,c2369132251386766775
c4316169917086744618,c2369132251386766775
c2465436089227073764,c2369132251386766775
c3190030506400683277,c2369132251386766775
c3773173586601938303,c2369132251386766775
c8133799455237747856,c2369132251386766775
c7607321052958367457,c7492138271105918240
c6441051056604732890,c7492138271105918240
c9082946733166663895,c7492138271105918240
c3883421074243146028,c7492138271105918240
c1412056933010735775,c7492138271105918240
c6414409532227491242,c7492138271105918240
c7462521354209441895,c7492138271105918240
c4435891919954486793,c7492138271105918240
c4508848892862137592,c7492138271105918240
c9215339282432719593,c7492138271105918240
c3488514106351764417,c7492138271105918240
c5343589014303550768,c7492138271105918240
c9200354411641276925,c7492138271105918240
c6791358830583825066,c7492138271105918240
c4102498319604710224,c7492138271105918240
c3537281333474568584,c7492138271105918240
c3205959936475027652,c7492138271105918240
c6125223857671659886,c7492138271105918240
c1488220398055628404,c7852477677614629557
c4054209752437483661,c7852477677614629557
c4298859528602342208,c7852477677614629557
c2572114514930290534,c7852477677614629557
c6088075265015882924,c7852477677614629557
c4409599496234966057,c7852477677614629557
c3944069401541589844,c7852477677614629557
c1078324170896884382,c7852477677614629557
c3208152191144864618,c7852477677614629557
c2721258252201106361,c7852477677614629557
c2202752823330902392,c7852477677614629557
c1319002258953505736,c7852477677614629557
c1922460087941233255,c7852477677614629557
c9174959300043067389,c7852477677614629557
c6592194527541242666,c7852477677614629557
c6224592282642596262,c7852477677614629557
c4704998121279372171,c7852477677614629557
c7450965428330663802,c7852477677614629557
c8497326795922036317,c7852477677614629557
c7254978706778676476,c7852477677614629557
c1744243159654203144,c7852477677614629557
c1385825176366154520,c7852477677614629557
c8429943571386824156,c7852477677614629557
c1595108523163455748,c7852477677614629557
c2298297405347457741,c7785140447215107508
c3726096580727084829,c7785140447215107508
c7261510231782858851,c7785140447215107508
c6166731899270451561,c7785140447215107508
c7871359559795572725,c7785140447215107508
c8091093160614801926,c7785140447215107508
c5087633436215686718,c7785140447215107508
c9096625368355158055,c7785140447215107508
c6297283135069144743,c7785140447215107508
c8561615462774745387,c7785140447215107508
c7107210938288361913,c7785140447215107508
c1606500473423942239,c7785140447215107508
c4735431617428516057,c7785140447215107508
c2575652005431998639,c7785140447215107508
c5423822939713290867,c7785140447215107508
c6774709934301209511,c7785140447215107508
c1076408895136604931,c7785140447215107508
c9080896527967433946,c7785140447215107508
c9045661347582826294,c7785140447215107508
c4011654988940091742,c7785140447215107508
c7350301373806458495,c7785140447215107508
c2000392232704415808,c7785140447215107508
c6028738001112680634,c7785140447215107508
c2033419412211139238,c7785140447215107508
c3079945606316271417,c7804298483415190355
c5947739654371079267,c7804298483415190355
c3080127380676116106,c7804298483415190355
c6963603470481107336,c7804298483415190355
c1537519601853514994,c7804298483415190355
c7884559531859264775,c7804298483415190355
c2919988892611149802,c7804298483415190355
c2454793343428799185,c7804298483415190355
c5503452343988382892,c7804298483415190355
c3319112342445620464,c7804298483415190355
c1730070096541111235,c7804298483415190355
c4182889603435328395,c7804298483415190355
c5971071929096950424,c7804298483415190355
c3392076706883537548,c7804298483415190355
c7932555826933436893,c7804298483415190355
c7178939436293259312,c7804298483415190355
c4562327878776352400,c7804298483415190355
c8891783329019954419,c8418256493230608175
c3718340277999016920,c8418256493230608175
c4347990271488152173,c8418256493230608175
c8630334028755412507,c8418256493230608175
c6659105948461675608,c8418256493230608175
c6663055398485102169,c8418256493230608175
c8250509931149629996,c8418256493230608175
c6321479290927860878,c8418256493230608175
c4387915226832968238,c8418256493230608175
c2857873003774452718,c8418256493230608175
c1908243003646448506,c8418256493230608175
c8635761667993113662,c8418256493230608175
c4840606257979438029,c8418256493230608175
c5631462437684491497,c8418256493230608175
c6917414351811772511,c8418256493230608175
c2319485690701474078,c8418256493230608175
c3823524345681182813,c6335840776939441191
c6889053656907124665,c6335840776939441191
c5799165754301554456,c6335840776939441191
c3128115637349187277,c6335840776939441191
c3954104828890330459,c6335840776939441191
c1485687001753469701,c6335840776939441191
c4675492875687211662,c6335840776939441191
c4764744849027800648,c6335840776939441191
c8932375574623684393,c6335840776939441191
c4397830905257597687,c6335840776939441191
c5232192367908350596,c6335840776939441191
c2625442459956104872,c6335840776939441191
c8054845758390367431,c6335840776939441191
c1283482142903736964,c6335840776939441191
c2693707852094495261,c6335840776939441191
c4575887884500707081,c6335840776939441191
c5880451363416878220,c6335840776939441191
c2026443738331305613,c6335840776939441191
c5426830058683394775,c6335840776939441191
c5719807845831829740,c6335840776939441191
c7461725880144735570,c2210234692561841062
c3878973399269530461,c2210234692561841062
c7084114856428486870,c2210234692561841062
c8486042941999023105,c2210234692561841062
c8884923783413578231,c2210234692561841062
c5226577223259443349,c2210234692561841062
c1277489807280656585,c2210234692561841062
c4024255700080214042,c2210234692561841062
c1625163852668850614,c2210234692561841062
c3172724168279168437,c2210234692561841062
c4009850283733494139,c2210234692561841062
c3777371009316597994,c2210234692561841062
c6223271648226560034,c2210234692561841062
c9098051268972323886,c2210234692561841062
c6217135605920912072,c2210234692561841062
c1692549429300559300,c2210234692561841062
c4704466970237791241,c2210234692561841062
c6325393434424705295,c2210234692561841062
c6797364362635450078,c2210234692561841062
c8063679216826899895,c2210234692561841062
c1398038073534623841,c2210234692561841062
c3596292725283962373,c1105298270599215641
c5082096119666578444,c1105298270599215641
c1183013183829954318,c1105298270599215641
c2058493197756715196,c1105298270599215641
c3464305116935222312,c1105298270599215641
c2206624602824276427,c1105298270599215641
c5212795012836335924,c1105298270599215641
c8080605084405089880,c1105298270599215641
c8736095950516207671,c1105298270599215641
c8869644452888317869,c1105298270599215641
c8009423318332600809,c1105298270599215641
c5876862453568726740,c1105298270599215641
c8863133067519813568,c1105298270599215641
c7212041201682698072,c1105298270599215641
c4369695519251471849,c1105298270599215641
c2419269797976150753,c1105298270599215641
c4051518413275013133,c1105298270599215641
c8620478452522416135,c1105298270599215641
c3741826681338081593,c1105298270599215641
c7573870230006570228,c3221039811720439690
c5357737912362834208,c3221039811720439690
c1403724948990193106,c3221039811720439690
c2180104302623180150,c3221039811720439690
c9179817981588785698,c3221039811720439690
c2366079576338035935,c3221039811720439690
c8915405259338797446,c3221039811720439690
c4952702206590354817,c3221039811720439690
c5502809665315033827,c3221039811720439690
c7637711445288864530,c3221039811720439690
c3639242456340844855,c3221039811720439690
c3224042874810578435,c3221039811720439690
c6882273323870778179,c3221039811720439690
c4788912236308174912,c3221039811720439690
c7884277419709409926,c3221039811720439690
c3367855691570190433,c3221039811720439690
c5533905511779960387,c3221039811720439690
c7479538720699951153,c3221039811720439690
c5674283407075449334,c9180980186714193314
c8995323549983500643,c9180980186714193314
c3987947618462610922,c9180980186714193314
c5606806325945434235,c9180980186714193314
c8599842337280935016,c9180980186714193314
c3972664243879234949,c9180980186714193314
c8335513000260838840,c9180980186714193314
c4014600385731043931,c9180980186714193314
c8556854469298558772,c9180980186714193314
c6418249506627777692,c9180980186714193314
c7472984066335229507,c9180980186714193314
c5038825670225139366,c9180980186714193314
c8328225917861140083,c9180980186714193314
c3761036027452927036,c9180980186714193314
c8430167934615155781,c9180980186714193314
c7926658105007922488,c9180980186714193314
c6424151392919189712,c9180980186714193314
c2775742022858485961,c9180980186714193314
c3510327857198348833,c9180980186714193314
c1394994731372899585,c9180980186714193314
c2871745282446458888,c9180980186714193314
c3083442747771603193,c9180980186714193314
c6241886137738053703,c9180980186714193314
c1125972441444952469,c9180980186714193314
c8708358059800482393,c9180980186714193314
c6067674168285189115,c3626819591507123656
c7904520435317468856,c3626819591507123656
c3539399086889271720,c3626819591507123656
c2722246987660966001,c3626819591507123656
c6998575520237542031,c3626819591507123656
c1497267061552581581,c3626819591507123656
c1099717608113705046,c3626819591507123656
c2259020856033747214,c3626819591507123656
c6833024029205852181,c3626819591507123656
c4023199087249564612,c3626819591507123656
c2195493616365351051,c3626819591507123656
c3948413916724380378,c3626819591507123656
c7032275564627435232,c3626819591507123656
c3938078239385328312,c3626819591507123656
c6202695126252739179,c3626819591507123656
c9214289730951977435,c3626819591507123656
c5231142102082158750,c3626819591507123656
c1012825370647007693,c3626819591507123656
c4306924366005303349,c3626819591507123656
c6273107133030419946,c4554919331346280520
c7856619645776696729,c4554919331346280520
c6959199318033357457,c4554919331346280520
c1466521079417824364,c4554919331346280520
c6293602820275094625,c4554919331346280520
c5073782506669877065,c4554919331346280520
c1637109841158886614,c4554919331346280520
c2021910809265628510,c4554919331346280520
c3440241253961855905,c4554919331346280520
c6071203219839242693,c4554919331346280520
c5676383225371521558,c4554919331346280520
c4749232720317385380,c4554919331346280520
c7439589346111282676,c4554919331346280520
c7801665664239990024,c4554919331346280520
c2937286414279928270,c4554919331346280520
c1365498895079061853,c4554919331346280520
c2212793724627887508,c4554919331346280520
c8176896021143095312,c4554919331346280520
c7913106734308271306,c4554919331346280520
c8553373856226094538,c4554919331346280520
c6869086841688858067,c4554919331346280520
c5123142009638693427,c4554919331346280520
c5029194803920667385,c4554919331346280520
c2090626592994253910,c4554919331346280520
c3495058438358281211,c4554919331346280520
c2021075859200185085,c4554919331346280520
c8883036495264322306,c4554919331346280520
c4781013660739971385,c4554919331346280520
c8907305325219453371,c4554919331346280520
c4883646110770731258,c4554919331346280520
c6945533891983041406,c8447017003796843258
c5421489201285547483,c8447017003796843258
c8309305247668554226,c8447017003796843258
c8485952841232535278,c8447017003796843258
c7467062205699442141,c8447017003796843258
c7866474131523973515,c8447017003796843258
c8817246616144364434,c8447017003796843258
c2958262260454450818,c8447017003796843258
c5105238828357076718,c8447017003796843258
c7434921635192476182,c8447017003796843258
c3929057371762760328,c8447017003796843258
c6058549790410795728,c8447017003796843258
c1952380376545547563,c8447017003796843258
c6556422393198828704,c8447017003796843258
c4519423388972840568,c8447017003796843258
c7465300392171247308,c8447017003796843258
c5505021558976880887,c8447017003796843258
c2550270217951647274,c8447017003796843258
c1182836181733792738,c8447017003796843258
c4876037261766376955,c8447017003796843258
c5230982381309575985,c8447017003796843258
c4048225719627410030,c8447017003796843258
c3733285380867354787,c8447017003796843258
c8502845506760805211,c8447017003796843258
c2606532807492024873,c8447017003796843258
c4889722229661490382,c8447017003796843258
c2100611213948998166,c5712564751075896930
c3488965640557296420,c5712564751075896930
c8755205484719752849,c5712564751075896930
c8722853434569989049,c5712564751075896930
c4495710296170668394,c5712564751075896930
c9798594356067960147,c5712564751075896930
c6998014733263857917,c5712564751075896930
c5767594123868966464,c5712564751075896930
c4481447401241198715,c5712564751075896930
c3798176645405362616,c5712564751075896930
c1246422145029973386,c5712564751075896930
c6348359066048195446,c5712564751075896930
c7244321774032259773,c5712564751075896930
c5710891373949965517,c5712564751075896930
c1559974247003677469,c5712564751075896930
c6474465911828895697,c5712564751075896930
c4162205046451913494,c5712564751075896930
c1527338065388877197,c5712564751075896930
c5582658272781151599,c3446059220289464572
c6782130147675674676,c3446059220289464572
c8315372527752732485,c3446059220289464572
c6942697909341114983,c3446059220289464572
c7262056733142672373,c3446059220289464572
c1935075987060040656,c3446059220289464572
c3586831484792405191,c3446059220289464572
c4662924279277931272,c3446059220289464572
c2917142361775413983,c3446059220289464572
c4124206839187133103,c3446059220289464572
c5776788221001350883,c3446059220289464572
c6023252680096767793,c3446059220289464572
c4072276630139480061,c3446059220289464572
c2234357517951965630,c3446059220289464572
c4016598567279880179,c3446059220289464572
c3829208373414925761,c3446059220289464572
c5680199190711431359,c3446059220289464572
c7909997392804662194,c7961376961510953442
c1109912993492777531,c7961376961510953442
c8662078906395654404,c7961376961510953442
c6265440591900485258,c7961376961510953442
c2837915368848972149,c7961376961510953442
c1070063297245767033,c7961376961510953442
c8376630187102551443,c7961376961510953442
c3646542717430460002,c7961376961510953442
c3460198175167345528,c7961376961510953442
c3670015480669538088,c7961376961510953442
c7450619134492749458,c7961376961510953442
c1595502554641132073,c7961376961510953442
c2618548894522231121,c7961376961510953442
c3506681689718658218,c5088086178866417473
c3722178541805778268,c5088086178866417473
c1308395138975839982,c5088086178866417473
c7669618907753235622,c5088086178866417473
c7742136421549650262,c5088086178866417473
c5423465980522565454,c5088086178866417473
c7904769633525035020,c5088086178866417473
c4992326301471914057,c5088086178866417473
c2027096888868035554,c5088086178866417473
c3186579431205239936,c5088086178866417473
c7491236277550298319,c5088086178866417473
c5764735117552466692,c5088086178866417473
c2745501018293969934,c5088086178866417473
c7196732778692622647,c5088086178866417473
c2929558986363819905,c5088086178866417473
c1205282543270111035,c5088086178866417473
c6895478504398165893,c5088086178866417473
c5162003680281262052,c5088086178866417473
c5029958463119077261,c5088086178866417473
c6384787926561827478,c5088086178866417473
c8778798101642087269,c5088086178866417473
c6633446354962594737,c5088086178866417473
c3183204484693253993,c5088086178866417473
c4566878980285120671,c5088086178866417473
c1795024392415156385,c6286658367314225606
c1335325473348688231,c6286658367314225606
c6660429650604508904,c6286658367314225606
c3622045482158951233,c6286658367314225606
c1867957398083765325,c6286658367314225606
c3080364129050288607,c6286658367314225606
c8430726152603847288,c6286658367314225606
c6590998888048530493,c6286658367314225606
c4234014526798384519,c6286658367314225606
c3839429681660621867,c6286658367314225606
c3494214561757235800,c6286658367314225606
c7412196563050443528,c6286658367314225606
c2678124350479564887,c6286658367314225606
c5220303784619453774,c6286658367314225606
c4313914455203950422,c6286658367314225606
c2389487623210490246,c6286658367314225606
c5854607895502576710,c6286658367314225606
c2709382613992768761,c6286658367314225606
c8632345986218081645,c1066241011074494609
c2081006298445074637,c1066241011074494609
c8831916747409211568,c1066241011074494609
c8124005470795738595,c1066241011074494609
c3543083207829607965,c1066241011074494609
c5296448745181645743,c1066241011074494609
c3826283145677038588,c1066241011074494609
c9041960655360878631,c1066241011074494609
c4171832936269713889,c1066241011074494609
c8299055239184473843,c1066241011074494609
c6933797758738625492,c1066241011074494609
c4099489472513207389,c1066241011074494609
c3090406451345848496,c1066241011074494609
c7908281419033127808,c1066241011074494609
c3733660304067819858,c1066241011074494609
c7200217984159622853,c1066241011074494609
c8811930928777437015,c1066241011074494609
c8438227695571193501,c1066241011074494609
c3743819604846514986,c1066241011074494609
c4317035906930704463,c1066241011074494609
c4563796638777904477,c1066241011074494609
c9003786046584145482,c1066241011074494609
c3814216039358123387,c6819771960677112858
c8779491908841055393,c6819771960677112858
c7135527798358624836,c6819771960677112858
c2976776093157830671,c6819771960677112858
c8565431522316006891,c6819771960677112858
c3029448856039643895,c6819771960677112858
c6301148695484061853,c6819771960677112858
c1423333894815291975,c6819771960677112858
c6230694394846750931,c6819771960677112858
c3301783310164943318,c6819771960677112858
c3371750979838149351,c6819771960677112858
c1436841357182313292,c6819771960677112858
c3156759305466687499,c6819771960677112858
c2201705624226002995,c6819771960677112858
c5626033346223626820,c6819771960677112858
c5952528576227650728,c6819771960677112858
c7769628791077694254,c6819771960677112858
c4678770296892957714,c8022144350110934495
c2862421037049766466,c8022144350110934495
c4828553250830770115,c8022144350110934495
c4394034187617992758,c8022144350110934495
c6110938874574465762,c8022144350110934495
c2669275297667465897,c8022144350110934495
c7006892451754860144,c8022144350110934495
c6964742743705689724,c8022144350110934495
c2912417275907949006,c8022144350110934495
c2879118128183539995,c8022144350110934495
c6687866692345549104,c8022144350110934495
c3996025053219495966,c8022144350110934495
c5394257453713849671,c8022144350110934495
c6962095990105488812,c8022144350110934495
c7829039828732612081,c8022144350110934495
c6561473484160416759,c5982631672170945333
c6223853465818083268,c5982631672170945333
c8498399285585446122,c5982631672170945333
c5133861291547497700,c5982631672170945333
c8044687964511171520,c5982631672170945333
c3048894901144887426,c5982631672170945333
c8903166908149374695,c5982631672170945333
c8453913799004592428,c5982631672170945333
c3665938664225600114,c5982631672170945333
c7402580981796657366,c5982631672170945333
c3894489160354272661,c5982631672170945333
c2476485899380081753,c5982631672170945333
c6306302970424586819,c5982631672170945333
c2946120857730219243,c5982631672170945333
c3487653252271130743,c5982631672170945333
c7051970104200791710,c5982631672170945333
c5637905070725709064,c5982631672170945333
c3009440472622226137,c5982631672170945333
c4924367350397779593,c5982631672170945333
c1502254969924094962,c5982631672170945333
c4579377288240165073,c5982631672170945333
c5574291270953078951,c6139228379947985943
c1223714099108251858,c6139228379947985943
c1183236683256787252,c6139228379947985943
c5895419821977935766,c6139228379947985943
c1598449005986255258,c6139228379947985943
c7551160737768928033,c6139228379947985943
c6357138445269878266,c6139228379947985943
c8983610062343805122,c6139228379947985943
c5896038436726591377,c6139228379947985943
c4697149394555514580,c6139228379947985943
c5486208439103215442,c6139228379947985943
c7325762788362553278,c6139228379947985943
c3341467621078798413,c6139228379947985943
c3580962618288921006,c6139228379947985943
c3079102094161020098,c6139228379947985943
c8977381043317643551,c6139228379947985943
c5674120188746542205,c6139228379947985943
c5114730022026403069,c6139228379947985943
c7550607686583941425,c6139228379947985943
c3397031664174036525,c6139228379947985943
c7622182408187247023,c6139228379947985943
c7486581485066421440,c6139228379947985943
c1227140672103693736,c6139228379947985943
c6915054263693536629,c6139228379947985943
c3990597110104919209,c6139228379947985943
c5543536326162313842,c6139228379947985943
c1784674164369338254,c6139228379947985943
c5158193261833038731,c6139228379947985943
c2170051699892371063,c6139228379947985943
c8795956140348319000,c6139228379947985943
c1880459812349855767,c7553809995368260868
c9598940790875629487,c7553809995368260868
c5441688484832664351,c7553809995368260868
c8046182754641542710,c7553809995368260868
c1015858938401502748,c7553809995368260868
c7051901619440877163,c7553809995368260868
c2715044453461211913,c7553809995368260868
c3298601693245030112,c7553809995368260868
c3637255274979768976,c7553809995368260868
c8323721883255094244,c7553809995368260868
c8318954653319429700,c7553809995368260868
c4750131918264577502,c7553809995368260868
c1942845876799709832,c7553809995368260868
c6217697620756383972,c7553809995368260868
c5318910837775291929,c7553809995368260868
c2245626839009140501,c7553809995368260868
c2369628543997253249,c3365661660515373685
c4002996877321896389,c3365661660515373685
c4489810610240055336,c3365661660515373685
c3972786120328288526,c3365661660515373685
c1925615550575771228,c3365661660515373685
c3402660271364302641,c3365661660515373685
c2716403992750272322,c3365661660515373685
c4894596158245559023,c3365661660515373685
c4693810499394919142,c3365661660515373685
c6041282561613765219,c3365661660515373685
c2731843636474182677,c3365661660515373685
c7277267655385620560,c3365661660515373685
c2765173235623571051,c3365661660515373685
c2258382036787957883,c3365661660515373685
c2760756156912300590,c3365661660515373685
c2158194699064593260,c3365661660515373685
c1491594374083004704,c3365661660515373685
c1915403397422544381,c3365661660515373685
c6851718435525523838,c3365661660515373685
c1245170660948457869,c4659063788604383073
c5871230875846189081,c4659063788604383073
c1640778336761299423,c4659063788604383073
c2921285497469575141,c4659063788604383073
c7008025313905591810,c4659063788604383073
c7559404034534794797,c4659063788604383073
c2986947696877077274,c4659063788604383073
c1891653979315275751,c4659063788604383073
c1753494088549405488,c4659063788604383073
c2389836855847009752,c4659063788604383073
c8392727259620421362,c4659063788604383073
c4251958355468893903,c4659063788604383073
c7000151989233456741,c4659063788604383073
c1516854286891446559,c4659063788604383073
c4686504253123700735,c4659063788604383073
c6295316192175599860,c4659063788604383073
c3503014589685489083,c4659063788604383073
c8140952375754398325,c4659063788604383073
c4510124314913345516,c4659063788604383073
c3757609212518145315,c4659063788604383073
c2739329355872430194,c4659063788604383073
c1020632052808796558,c4659063788604383073
c2141095396090956646,c4659063788604383073
c4334638425190164630,c4729587867870105233
c5986242695270035736,c4729587867870105233
c2119999522716213621,c4729587867870105233
c4357437138491415385,c4729587867870105233
c1632061556588858018,c4729587867870105233
c2148974349213488868,c4729587867870105233
c2090005635529360338,c4729587867870105233
c6690663953815478017,c4729587867870105233
c1913939985906899620,c4729587867870105233
c5406429254514917052,c4729587867870105233
c4312925661450632870,c4729587867870105233
c4007509631538197183,c4729587867870105233
c3094618882726238310,c4729587867870105233
c2509028837811493400,c4729587867870105233
c2552055213026169835,c4729587867870105233
c8380015568319394805,c4729587867870105233
c7853854868403967657,c4729587867870105233
c8068875098564642012,c4729587867870105233
c3888966769563562573,c4729587867870105233
c1602504832029851454,c4729587867870105233
c1995171757668612383,c4330515360038199901
c3800901505324312538,c4330515360038199901
c1659810864204588134,c4330515360038199901
c7522970823891521000,c4330515360038199901
c7573455889014132339,c4330515360038199901
c8106145829414093355,c4330515360038199901
c7391974617322561240,c4330515360038199901
c8848896592891718914,c4330515360038199901
c6483262231719554066,c4330515360038199901
c6791499151829933003,c4330515360038199901
c1944817956748919595,c4330515360038199901
c8735264853610424146,c4330515360038199901
c1000411823068838114,c4330515360038199901
c2740988409882938756,c4330515360038199901
c8765684927720729213,c4330515360038199901
c4087482736032846219,c4330515360038199901
c9180780628735301461,c4330515360038199901
c6019859145071613784,c4330515360038199901
c7556854803669649606,c4330515360038199901
c5237893322251385334,c4330515360038199901
c7561173081757107019,c4330515360038199901
c8840541803484954164,c4330515360038199901
c5587266429134407620,c5798463552169950852
c1363811812904906691,c5798463552169950852
c1137886832738112460,c5798463552169950852
c6058895797251633975,c5798463552169950852
c3148325800627865309,c5798463552169950852
c5804401687243576614,c5798463552169950852
c3038978764585343446,c5798463552169950852
c1244390353920334506,c5798463552169950852
c2879632583173281138,c5798463552169950852
c8304366229196016731,c5798463552169950852
c4706361972696755959,c5798463552169950852
c5845035423031147541,c5798463552169950852
c9009152850937813069,c5798463552169950852
c1485982866606991366,c5798463552169950852
c2236030740436189589,c5798463552169950852
c3647446057235358759,c3062320184715815500
c5496265265749864162,c3062320184715815500
c6520232251726759292,c3062320184715815500
c9148741401608181682,c3062320184715815500
c4911984092449434050,c3062320184715815500
c1582948227360378722,c3062320184715815500
c6621707674275286335,c3062320184715815500
c4942702413808472234,c3062320184715815500
c1512555015414668442,c3062320184715815500
c5962514191970316721,c3062320184715815500
c5355082097994033188,c3062320184715815500
c2246695026862741923,c3062320184715815500
c5425731755199931649,c3062320184715815500
c4803021228671967600,c3062320184715815500
c4793342464895801279,c3062320184715815500
c4377862474622090970,c3062320184715815500
c7210214748837308305,c3062320184715815500
c1897731196001651675,c3062320184715815500
c4047298391085187987,c3062320184715815500
c8115550365004631425,c3062320184715815500
c8587274475639299680,c3062320184715815500
c6596570702888002701,c3062320184715815500
c6679196198534715903,c3062320184715815500
c4498462283780759536,c3062320184715815500
c7005082426629015402,c1424347112408153798
c4735785298145314881,c1424347112408153798
c3895938374497642703,c1424347112408153798
c6029296905955791774,c1424347112408153798
c4130920604659607896,c1424347112408153798
c3321569192474225713,c1424347112408153798
c8023006644147778008,c1424347112408153798
c7000877141830973613,c1424347112408153798
c4315136504583235790,c1424347112408153798
c4857282245939459180,c1424347112408153798
c5495401074552371439,c1424347112408153798
c2630715573829884419,c1424347112408153798
c2885936267046573197,c1424347112408153798
c6063035097746872560,c1424347112408153798
c5423299430859968715,c1424347112408153798
c6173422665905311791,c1424347112408153798
c5178757789642754106,c1424347112408153798
c5663255486531235092,c1424347112408153798
c7875327732645385360,c1424347112408153798
c6976077987458556639,c1424347112408153798
c5841176077413704312,c1424347112408153798
c7812055619000395010,c1424347112408153798
c9001174926006834133,c1424347112408153798
c9160009821275081876,c3945483351632893530
c3539731056392504054,c3945483351632893530
c7959361073183499982,c3945483351632893530
c3500404844516938836,c3945483351632893530
c5187782376629740831,c3945483351632893530
c4725874588226463085,c3945483351632893530
c1354181351957717083,c3945483351632893530
c3333889960673588418,c3945483351632893530
c4768414312886243437,c3945483351632893530
c1032526452134552419,c3945483351632893530
c7626151395814595379,c3945483351632893530
c6186485872897840921,c3945483351632893530
c6470915459905963145,c3945483351632893530
c7995941301245516104,c3945483351632893530
c5335440254777827960,c3945483351632893530
c3284071698882728632,c3945483351632893530
c4922828607007824506,c3945483351632893530
c6437658877304282358,c8803453888528718746
c8464114859304160036,c8803453888528718746
c5064461253889115571,c8803453888528718746
c6315384703304745277,c8803453888528718746
c5061505459668802685,c8803453888528718746
c7384276735980275136,c8803453888528718746
c5675188049524299455,c8803453888528718746
c3293528171499754485,c8803453888528718746
c2001796029141130664,c8803453888528718746
c9133437662952932736,c8803453888528718746
c3057975222122745940,c8803453888528718746
c3684695575254203904,c8803453888528718746
c2224301566702518915,c8803453888528718746
c1346668145894660441,c8803453888528718746
c6747255716778991911,c8803453888528718746
c4896597490361551481,c8803453888528718746
c2941442880617523331,c8803453888528718746
c5811010891931578937,c8803453888528718746
c7912104121887497390,c8803453888528718746
c7401283911906229670,c8803453888528718746
c1372350513096414154,c8803453888528718746
c1790641758426248416,c8803453888528718746
c7493032312045888310,c8803453888528718746
c5692033921242309835,c8803453888528718746
c4932166944303199877,c2775883422437850966
c8432997899311673595,c2775883422437850966
c3622163968161154294,c2775883422437850966
c4155684687195600528,c2775883422437850966
c5660862053524477137,c2775883422437850966
c4137386221325369851,c2775883422437850966
c1368877839579790277,c2775883422437850966
c2039927820505353331,c2775883422437850966
c3158818977355895550,c2775883422437850966
c1381234656654331017,c2775883422437850966
c3574227572586067042,c2775883422437850966
c1269249399142795627,c2775883422437850966
c4262355632872901484,c2775883422437850966
c1138412683677621283,c2775883422437850966
c6347417140902239482,c2775883422437850966
c8574933976952855934,c2775883422437850966
c3441520920993875497,c2775883422437850966
c6196696124659059165,c2775883422437850966
c2822843921048128008,c2775883422437850966
c9074800662362307176,c2775883422437850966
c5158682093048285092,c4600627972553534492
c2643119317376549293,c4600627972553534492
c5543853087953843777,c4600627972553534492
c2093738803042806639,c4600627972553534492
c7786307384244268168,c4600627972553534492
c4849988150289687142,c4600627972553534492
c3330225968480833656,c4600627972553534492
c5544615772103041000,c4600627972553534492
c3775724571374905548,c4600627972553534492
c7288426747960459662,c4600627972553534492
c8265251703359926696,c4600627972553534492
c6037815195191622328,c4228507526802370607
c1460247882742108933,c4228507526802370607
c3341910775372164475,c4228507526802370607
c8246560119664343183,c4228507526802370607
c8575677358756234461,c4228507526802370607
c8514548140253389418,c4228507526802370607
c6409975682155953423,c4228507526802370607
c7388176943076172132,c4228507526802370607
c8266864304606731702,c4228507526802370607
c7011007470429938640,c4228507526802370607
c4984917271742276179,c4228507526802370607
c7120606098841338564,c4228507526802370607
c1147271265011041087,c4228507526802370607
c2902254042638197372,c4228507526802370607
c8443748798566502231,c4228507526802370607
c6132755111743570904,c1740673303431588049
c4298711838279702504,c1740673303431588049
c7051825598529078470,c1740673303431588049
c5059536577375517152,c1740673303431588049
c4406752260095054224,c1740673303431588049
c1301883268776106065,c1740673303431588049
c5510033742000010278,c1740673303431588049
c2163269758091152589,c1740673303431588049
c3511374488009193429,c1740673303431588049
c1797714886228895944,c1740673303431588049
c8267905558741776567,c1740673303431588049
c5034950489714140283,c1740673303431588049
c2287185054280223221,c1740673303431588049
c6612048643600113652,c1740673303431588049
c8058067214284013057,c1740673303431588049
c1057120421531624477,c1740673303431588049
c3031731749799756550,c1740673303431588049
c3882909814662898578,c1740673303431588049
c5471322955877813243,c1740673303431588049
c2679071849658611172,c8634582649842584010
c5331706097975902611,c8634582649842584010
c8293316209840025543,c8634582649842584010
c6092901787174298342,c8634582649842584010
c8326819752049825696,c8634582649842584010
c6145230305991454973,c8634582649842584010
c7759073822519546434,c8634582649842584010
c6695971074368922219,c8634582649842584010
c2465880402656187128,c8634582649842584010
c4314810016676776982,c8634582649842584010
c7532081595227322721,c8634582649842584010
c5893770473535154790,c8634582649842584010
c1703582114003414490,c8634582649842584010
c7664519777170949640,c8634582649842584010
c3816865862796066472,c8634582649842584010
c6171016658822984607,c8634582649842584010
c8637878155104958838,c8634582649842584010
c6905040208424139723,c8634582649842584010
c9016963880092585368,c8634582649842584010
c8552890282610288932,c8634582649842584010
c8811140706914882070,c8634582649842584010
c5509099424876658942,c8421602684165214653
c6885431877155413376,c8421602684165214653
c2619983226687723911,c8421602684165214653
c7304149971475615844,c8421602684165214653
c4388876675586124871,c8421602684165214653
c1959507617847337122,c8421602684165214653
c6892630895345946596,c8421602684165214653
c1544593912403663175,c8421602684165214653
c8853853744434201098,c8421602684165214653
c6916792534076589358,c8421602684165214653
c8410921827607410324,c8421602684165214653
c1226571300152010246,c8421602684165214653
c6723100014007305788,c8421602684165214653
c3304932433122935666,c8421602684165214653
c7400421492426700760,c8421602684165214653
c8170472273352247939,c8421602684165214653
c8185331114973324690,c8421602684165214653
c8200496740445914564,c8421602684165214653
c1323846289072099712,c8421602684165214653
c3579754762878729572,c8421602684165214653
c4859409354085515069,c8421602684165214653
c3235447136691243072,c8421602684165214653
c7278953894218745555,c3797578848467017059
c2893742825899432557,c3797578848467017059
c8710765417059110670,c3797578848467017059
c1017303209104975890,c3797578848467017059
c6798717640496335163,c3797578848467017059
c3992956737638297402,c3797578848467017059
c3090110822301465589,c3797578848467017059
c5110878122673293341,c3797578848467017059
c8720160796393441195,c3797578848467017059
c5174589179967062833,c3797578848467017059
c7278969929964446659,c3797578848467017059
c4289300780660229167,c3797578848467017059
c5761917251233498381,c3797578848467017059
c6609999607582484341,c1725141220325106212
c3315792522289110141,c1725141220325106212
c8251537739426820321,c1725141220325106212
c9220867850990082026,c1725141220325106212
c4188643518814604847,c1725141220325106212
c4878678863382811015,c1725141220325106212
c2837929943175220785,c1725141220325106212
c9003884415010193583,c1725141220325106212
c5993670976964254931,c1725141220325106212
c7958267131956721282,c1725141220325106212
c6054494359814163481,c1725141220325106212
c8763606098893426995,c1725141220325106212
c3355948098788366181,c1725141220325106212
c6053936010891875016,c1725141220325106212
c7241444428913683480,c1725141220325106212
c8124531268604382234,c1725141220325106212
c7135407324457276522,c1725141220325106212
c6242455907142573030,c1725141220325106212
c6605525340136523799,c1725141220325106212
c5247693679437927032,c9180410069442302829
c3295689492824501980,c9180410069442302829
c2605618085321412869,c9180410069442302829
c7355226836568342610,c9180410069442302829
c8718247574062885051,c9180410069442302829
c8390360588436077202,c9180410069442302829
c1648577853167564296,c9180410069442302829
c8398387031055791257,c9180410069442302829
c8916599041663769528,c9180410069442302829
c3853689780602674432,c9180410069442302829
c1471840427833004073,c9180410069442302829
c4644763492474095168,c9180410069442302829
c4656292531430745704,c9180410069442302829
c1545887798486140951,c9180410069442302829
c1640800259620408992,c9180410069442302829
c2849534191985419513,c9180410069442302829
c1035437222296458616,c9180410069442302829
c8446734109009836910,c9180410069442302829
c8122088966208563918,c7429334226454684299
c7407192858628245678,c7429334226454684299
c8512064509089723028,c7429334226454684299
c2118548890954435070,c7429334226454684299
c6415476716215337106,c7429334226454684299
c6032506689241715242,c7429334226454684299
c5271038163015162024,c7429334226454684299
c2327657191553789083,c7429334226454684299
c1980027783877789550,c7429334226454684299
c4515472535567388522,c7429334226454684299
c6665566573179850577,c7429334226454684299
c1600307597704206233,c7429334226454684299
c6962762826427039423,c7429334226454684299
c1101593142195002030,c1068532711922161928
c2196330044903905128,c1068532711922161928
c5908322261013803664,c1068532711922161928
c4572295423272575815,c1068532711922161928
c1901383499189904252,c1068532711922161928
c4615481664875760683,c1068532711922161928
c7930605300732883825,c1068532711922161928
c7563056282270968755,c1068532711922161928
c2034787819567686906,c1068532711922161928
c5569767143527106078,c1068532711922161928
c9155787812686148460,c1068532711922161928
c2813991005187784065,c7144334346338032469
c8405526790093621678,c7144334346338032469
c7888716559381516350,c7144334346338032469
c8233094779438953621,c7144334346338032469
c2795676843813797511,c7144334346338032469
c1404719773966823308,c7144334346338032469
c4835452339215939851,c7144334346338032469
c8041978072139010090,c7144334346338032469
c4332361092222921066,c7144334346338032469
c3990619292890636203,c7144334346338032469
c7914807322797683702,c7144334346338032469
c8574640080191539209,c7144334346338032469
c5302235205106513039,c7144334346338032469
c7207742787802568103,c7144334346338032469
c2327289026745531101,c7144334346338032469
c4962913742737552566,c7144334346338032469
c6238580238859433042,c7144334346338032469
c7970813074121814961,c7144334346338032469
c4469553048322297133,c1534569690661505285
c4731834230542042701,c1534569690661505285
c8410820070167401506,c1534569690661505285
c6966425822760567766,c1534569690661505285
c7788447286368693231,c1534569690661505285
c8530662949963934713,c1534569690661505285
c8969275016909242519,c1534569690661505285
c6120690754581568517,c1534569690661505285
c5291845999441200508,c1534569690661505285
c2654503704444152009,c1534569690661505285
c2011759875076729071,c1534569690661505285
c8098837816044118269,c1534569690661505285
c9110468648858095795,c1534569690661505285
c7324565773114567115,c1534569690661505285
c3910891189962758602,c1534569690661505285
c2990956793631395561,c1534569690661505285
c6249633093585368180,c1534569690661505285
c7283799098634985292,c1534569690661505285
c3224084500966766750,c1534569690661505285
c1287302893214588815,c1534569690661505285
c8609938156790213860,c1534569690661505285
c3043262605721916750,c1534569690661505285
c3205152175413900445,c1534569690661505285
c5458775486785896435,c1534569690661505285
c7957353733414785757,c6699289670028987682
c2258319501924475726,c6699289670028987682
c5619672850004668607,c6699289670028987682
c5929230818859325182,c6699289670028987682
c4445472894076785202,c6699289670028987682
c7225968220322277598,c6699289670028987682
c5396805426442867700,c6699289670028987682
c6514573021464020124,c6699289670028987682
c6653229779897024289,c6699289670028987682
c3527186963667833424,c6699289670028987682
c4007203306282535501,c6699289670028987682
c6225402652472842439,c6699289670028987682
c1831343135004115869,c6699289670028987682
c1204111903673264038,c6699289670028987682
c7583916579615001537,c6699289670028987682
c8403433835688437150,c6699289670028987682
c8505348352135404713,c6699289670028987682
c1790806164125384115,c6699289670028987682
c4302954847433039695,c6699289670028987682
c4426425430177664151,c6699289670028987682
c8936233350489537002,c6699289670028987682
c7832046514508142304,c6699289670028987682
c1332332571685290218,c6699289670028987682
c4355478456644365390,c3644699792816585404
c6563363645014998766,c3644699792816585404
c5261895606461319207,c3644699792816585404
c4182513165307525948,c3644699792816585404
c1816159506382911026,c3644699792816585404
c1726246578790433977,c3644699792816585404
c7778884783268870747,c3644699792816585404
c7991430911664216614,c3644699792816585404
c6420502518298627669,c3644699792816585404
c3001099677672635114,c3644699792816585404
c7482332500025200304,c3644699792816585404
c7858035552028709038,c3644699792816585404
c2655440824450947500,c3644699792816585404
c6454691174454453918,c3644699792816585404
c8400287542267433456,c8026121890232475987
c7136230709667928204,c8026121890232475987
c4552777486842709102,c8026121890232475987
c5449063837955928242,c8026121890232475987
c4143921632273654279,c8026121890232475987
c7759820784381525516,c8026121890232475987
c9025396435194689175,c8026121890232475987
c7265458206340619166,c8026121890232475987
c1025602589550409686,c8026121890232475987
c6673203007192679423,c8026121890232475987
c6118054694765570311,c8026121890232475987
c1671612307584056445,c8026121890232475987
c7289955615648759377,c8026121890232475987
c4661451111261719927,c8026121890232475987
c8560005422656847625,c8026121890232475987
c3633834477424808816,c8026121890232475987
c4914444522278657065,c8026121890232475987
c4049610640295313382,c6469117248737078710
c2519041431885018331,c6469117248737078710
c2814911199469864076,c6469117248737078710
c3482328252670597532,c6469117248737078710
c2747629276064783066,c6469117248737078710
c6711184989790168989,c6469117248737078710
c1782982999937276764,c6469117248737078710
c7937941214087167953,c6469117248737078710
c3093836074553235225,c6469117248737078710
c4532488902252618775,c6469117248737078710
c6058981051651410227,c6469117248737078710
c7344124815654238426,c6469117248737078710
c4695127460275568471,c6469117248737078710
c3984382999788547698,c6469117248737078710
c2418495510052585819,c6469117248737078710
c8932034764229656503,c6469117248737078710
c1138984799475280646,c6469117248737078710
c6489055425424384766,c6469117248737078710
c6152438430991337560,c6469117248737078710
c2586534959444854286,c6469117248737078710
c6583088756610305421,c6410561108015388694
c4464773200268605851,c6410561108015388694
c2417557405940524060,c6410561108015388694
c3466908065753514058,c6410561108015388694
c3935431430084430478,c6410561108015388694
c2535635121959297735,c6410561108015388694
c2980215277967880141,c6410561108015388694
c8308137082684027378,c6410561108015388694
c5833003632929169663,c6410561108015388694
c8174000062950407788,c6410561108015388694
c7577214994862119595,c6410561108015388694
