HH_ID_CEN,HH_ID_CCS
h73593195239767386,h45448183944415871
h51912362409134853,h45448183944415871
h97469235871106234,h45448183944415871
h40041425478346673,h45448183944415871
h97374017287013498,h45448183944415871
h91163763257240105,h45448183944415871
h66472156576888785,h45448183944415871
h22233070859302904,h45448183944415871
h91813364436928388,h45448183944415871
h23303623348714898,h45448183944415871
h70745864440492081,h45448183944415871
h78338001045979535,h45448183944415871
h48591612863731516,h45448183944415871
h39175695337136839,h45448183944415871
h89121702458535198,h45448183944415871
h95787927883480484,h45448183944415871
h49929736784085731,h45448183944415871
h35292561937238667,h45448183944415871
h24469858741535176,h45448183944415871
h87335851810400255,h45448183944415871
h52747277073351050,h31457338106128541
h98793155927892563,h31457338106128541
h22625399745300223,h31457338106128541
h71162862831189704,h31457338106128541
h57611916203022691,h31457338106128541
h14727748221232964,h72101280681009320
h35144425792828970,h72101280681009320
h33586122290679759,h72101280681009320
h51217025255306149,h72101280681009320
h72805702224895766,h72101280681009320
h94139457432751723,h72101280681009320
h54509253010180492,h72101280681009320
h55040271895530421,h72101280681009320
h79291003601549295,h72101280681009320
h30415867473608848,h72101280681009320
h20340443986419598,h72101280681009320
h62161215264464359,h72101280681009320
h88364625689193417,h72101280681009320
h35159099336206675,h72101280681009320
h96429314458791987,h72101280681009320
h61685390343298809,h72101280681009320
h35910931299594451,h72101280681009320
h71878632933499632,h72101280681009320
h33002197434973981,h72101280681009320
h80880524887740868,h72101280681009320
h47106266124587399,h72101280681009320
h83319411110875650,h72101280681009320
h75682494692767617,h72101280681009320
h36607310711995762,h94605800644900292
h48311573755332571,h94605800644900292
h81983129993515054,h94605800644900292
h30535807469681548,h94605800644900292
h45619939043582563,h94605800644900292
h41354034229014999,h94605800644900292
h26323329715744099,h94605800644900292
h65029148616564643,h94605800644900292
h69073509383412738,h94605800644900292
h46256276880956492,h94605800644900292
h26972357475733811,h94605800644900292
h94823369823345473,h94605800644900292
h17395874993701514,h94605800644900292
h41869612659934234,h94605800644900292
h90263132319167311,h84580032320274614
h64713719091457961,h84580032320274614
h37835953577226807,h84580032320274614
h81576296418925237,h84580032320274614
h31963534748052514,h84580032320274614
h74281131581720368,h84580032320274614
h77372878955971185,h84580032320274614
h12564011678440719,h84580032320274614
h49727607994970325,h84580032320274614
h79033594209978901,h84580032320274614
h28355838773620165,h84580032320274614
h54648675693920484,h84580032320274614
h53557885982439480,h21832186703778876
h37879114979319985,h21832186703778876
h21386517431634169,h21832186703778876
h29410019021311073,h21832186703778876
h60459918910551785,h21832186703778876
h24506910570868809,h21832186703778876
h96504121069153160,h21832186703778876
h47922835056820242,h21832186703778876
h62893502571154875,h21832186703778876
h75839601558999335,h21832186703778876
h42014048308838483,h21832186703778876
h93614026224072528,h21832186703778876
h47943840157311059,h21832186703778876
h45701419322867334,h21832186703778876
h73712914847883415,h21832186703778876
h41509834331846214,h29222994228150539
h85522364522526290,h29222994228150539
h59584143743829948,h29222994228150539
h99197935134244874,h29222994228150539
h41997220379091559,h29222994228150539
h83424903827351300,h29222994228150539
h46885992017276833,h29222994228150539
h17039919629724891,h29222994228150539
h31146544117751460,h29222994228150539
h27165188109807913,h29222994228150539
h25956687331274326,h29222994228150539
h40598563331846043,h29222994228150539
h31433267554284141,h29222994228150539
h29821508293593141,h29222994228150539
h88821936837509532,h29222994228150539
h19732507796289809,h29222994228150539
h43401698847524912,h29222994228150539
h33789076050987726,h29222994228150539
h48092324727685425,h29222994228150539
h87832776929004391,h29222994228150539
h33107915018999286,h27149123971681083
h18961354369622849,h27149123971681083
h34605261582916758,h27149123971681083
h60935527198718123,h27149123971681083
h85096734910858198,h27149123971681083
h58745495370354151,h27149123971681083
h72697531460966412,h27149123971681083
h27036087836619851,h27149123971681083
h72617349268015254,h27149123971681083
h47961139137323912,h27149123971681083
h53753022166569877,h27149123971681083
h22829719878516109,h27149123971681083
h93302345677802673,h27149123971681083
h76983995221063911,h27149123971681083
h87468299889020503,h27149123971681083
h91398520039421711,h27149123971681083
h42967013723329180,h27149123971681083
h45698647210795012,h27149123971681083
h68172014131942698,h27149123971681083
h77158670879340022,h27149123971681083
h18794842860504873,h27149123971681083
h56929854699449667,h27149123971681083
h45081488829681020,h99129563217850886
h15785983716160315,h99129563217850886
h86380040188487631,h99129563217850886
h90597088317913146,h99129563217850886
h93253856867931583,h99129563217850886
h39602090518497982,h99129563217850886
h86369456036477411,h99129563217850886
h83631877371770121,h99129563217850886
h83831253561169782,h99129563217850886
h35366003190450747,h99129563217850886
h29676355401406712,h99129563217850886
h65416470695422551,h99129563217850886
h37370301082176364,h99129563217850886
h10745549071455569,h99129563217850886
h75827579094525852,h99129563217850886
h31416604496611816,h99129563217850886
h25784304728440818,h99129563217850886
h19775903643367763,h99129563217850886
h50469636278354602,h52451803953775642
h97820005109413506,h52451803953775642
h87422462054064287,h52451803953775642
h39225819748026411,h52451803953775642
h76784221327782850,h52451803953775642
h54472163847037484,h52451803953775642
h35356378330950960,h52451803953775642
h70667748881996347,h52451803953775642
h96115015016166271,h52451803953775642
h33685975315272409,h52451803953775642
h96533119634029711,h52451803953775642
h87981956989490791,h52451803953775642
h99343520647024300,h52451803953775642
h80420883857307968,h18046550092283555
h80821085158417178,h18046550092283555
h72641825592355592,h18046550092283555
h52649265171715611,h18046550092283555
h63542176573777556,h18046550092283555
h62613338800161534,h18046550092283555
h24825412655896883,h18046550092283555
h98332459843624425,h18046550092283555
h85503255652897871,h18046550092283555
h37893619924579047,h18046550092283555
h12706667648098573,h14135263608434383
h50084568963528392,h14135263608434383
h41960691549594674,h14135263608434383
h24527024391241729,h14135263608434383
h23970871467378019,h14135263608434383
h43884609918729212,h14135263608434383
h34198026151068595,h14135263608434383
h28790985293920319,h14135263608434383
h43004701775719579,h14135263608434383
h68493090288178865,h14135263608434383
h93590204884489304,h14135263608434383
h16537244642530654,h14135263608434383
h88442174272761562,h14135263608434383
h33427891939322136,h14135263608434383
h61986927154291670,h14135263608434383
h88626072891943184,h84917366738576427
h24127653216022382,h84917366738576427
h51113202725378863,h84917366738576427
h74088252449087144,h84917366738576427
h75558040165890493,h84917366738576427
h90857643064168162,h84917366738576427
h39215827789753974,h84917366738576427
h93582938214390241,h84917366738576427
h46811067871869637,h84917366738576427
h99513431328430352,h84917366738576427
h86200622953698574,h84917366738576427
h91435176677018437,h84917366738576427
h70853045699989851,h84917366738576427
h77931879715492456,h66445736589902148
h16810684174779140,h66445736589902148
h57293842527661562,h66445736589902148
h47664513004636351,h66445736589902148
h11596863548838006,h66445736589902148
h27283575262790383,h66445736589902148
h57625458308361832,h66445736589902148
h43770701835605153,h66445736589902148
h62430628874869006,h66445736589902148
h22754863928030891,h66445736589902148
h55571752572626549,h66445736589902148
h87599923582110106,h66445736589902148
h37476991044178989,h66445736589902148
h10564133506458514,h66445736589902148
h11888242344651159,h66445736589902148
h40606113620034849,h66445736589902148
h34373799259649778,h66445736589902148
h72419711030409284,h66445736589902148
h34215526479773021,h66445736589902148
h12866341436624640,h66445736589902148
h66612545189472048,h27963952689288319
h13100801302203311,h27963952689288319
h65077604328600679,h27963952689288319
h67623169249150828,h27963952689288319
h85975717909746836,h27963952689288319
h59711847712552868,h27963952689288319
h90384589798786501,h27963952689288319
h99681241484019391,h27963952689288319
h20514073852233951,h27963952689288319
h20354056786141920,h27963952689288319
h93195941525609743,h27963952689288319
h14981343000878340,h27963952689288319
h78276261519920496,h27963952689288319
h38144540663061330,h27963952689288319
h22502827608621867,h27963952689288319
h45748600574670348,h27963952689288319
h21827400832766012,h27963952689288319
h32792239208104374,h27963952689288319
h68263700335613662,h87335555736850543
h25811903969158520,h87335555736850543
h61794261071132787,h87335555736850543
h75560167485398998,h87335555736850543
h71847929008630333,h87335555736850543
h79868725014332353,h87335555736850543
h75465392506849560,h87335555736850543
h44367915104481788,h87335555736850543
h91967611226070872,h87335555736850543
h81997322124068489,h87335555736850543
h90801523366218673,h87335555736850543
h76407525151586641,h87335555736850543
h81403738668655636,h87335555736850543
h60195660606377217,h12623713284878332
h73866493443414369,h12623713284878332
h21110296506689694,h12623713284878332
h70895103721904339,h12623713284878332
h31547478053840559,h12623713284878332
h95490645427310358,h12623713284878332
h80078093045570410,h12623713284878332
h84443909546413524,h12623713284878332
h55069573070916523,h12623713284878332
h84314685320161534,h12623713284878332
h58514162050377770,h12623713284878332
h53578551810178126,h12623713284878332
h78743295112058827,h12623713284878332
h80717898348860665,h12623713284878332
h42141729230371614,h12623713284878332
h34332732053339848,h12623713284878332
h17533967555867893,h12623713284878332
h35478234204948858,h49282357448298083
h22917971695610064,h49282357448298083
h94655128582902269,h49282357448298083
h82433063979761225,h49282357448298083
h67899155687786446,h49282357448298083
h47948020963024165,h49282357448298083
h72148266340895473,h49282357448298083
h60650580600552854,h49282357448298083
h40942070134761540,h49282357448298083
h38056524024828369,h49282357448298083
h20585357897767328,h49282357448298083
h23411233541527986,h49282357448298083
h74015315793296198,h86524887174900558
h14549424509817913,h86524887174900558
h36436342954582077,h86524887174900558
h69179770328617876,h86524887174900558
h54257493650733734,h86524887174900558
h24385575733182031,h86524887174900558
h67828054239190267,h86524887174900558
h31569181970672837,h86524887174900558
h78229104665232327,h86524887174900558
h13632873233732743,h86524887174900558
h81153869588703024,h86524887174900558
h62526080109907909,h86524887174900558
h29108351143336644,h86524887174900558
h93630315160360437,h86524887174900558
h70591244377425689,h86524887174900558
h21861697022844867,h86524887174900558
h32123156037966735,h86524887174900558
h62275230478762348,h86524887174900558
h29275152688655443,h86524887174900558
h26759361978199321,h86524887174900558
h42189164476113893,h86524887174900558
h60312983180356939,h86524887174900558
h78292518255019075,h66355168118442457
h64449455539820429,h66355168118442457
h74936066898909400,h66355168118442457
h60449739896262222,h66355168118442457
h83865821388695885,h66355168118442457
h14558144391186415,h66355168118442457
h65941703871201498,h66355168118442457
h29084515013308722,h66355168118442457
h84572704070355140,h66355168118442457
h74377181662243629,h66355168118442457
h64549637141971957,h66355168118442457
h76340482885810289,h66355168118442457
h80674922141145958,h66355168118442457
h64077422645908207,h66355168118442457
h57853313902932673,h66355168118442457
h15044312027390339,h66355168118442457
h16766741254009572,h66355168118442457
h89830427508007119,h66355168118442457
h12180285982439753,h66355168118442457
h11766620398544955,h77225349195582230
h58394717990816076,h77225349195582230
h71722466278599440,h77225349195582230
h24316477512513039,h77225349195582230
h54425552553314612,h77225349195582230
h30877533542460105,h77225349195582230
h73564149387018742,h77225349195582230
h41103488400507867,h77225349195582230
h30330160290972332,h77225349195582230
h81692708461818403,h77225349195582230
h41453906613918586,h57997549208302497
h27657796300234633,h57997549208302497
h57963542338683657,h57997549208302497
h59570872700985095,h57997549208302497
h21245178124550528,h57997549208302497
h50099075686652287,h57997549208302497
h43786276949847416,h57997549208302497
h62929926250776151,h57997549208302497
h35431680621190774,h57997549208302497
h23638321310422103,h57997549208302497
h85991620849257194,h57997549208302497
h81626291036803751,h57997549208302497
h55957368773985746,h57997549208302497
h31247999890722371,h57997549208302497
h94389016497978194,h57997549208302497
h23143931192700959,h57997549208302497
h50872536189920348,h57997549208302497
h91550851244200079,h57997549208302497
h44153981018123093,h75126733636203010
h40079152296157590,h75126733636203010
h13075215292191435,h75126733636203010
h64286989606295176,h75126733636203010
h79219106580825608,h75126733636203010
h81046386990619617,h75126733636203010
h80741771698671996,h75126733636203010
h79091871031736007,h75126733636203010
h60668093046706831,h75126733636203010
h54638376547963790,h75126733636203010
h64286589068073418,h75126733636203010
h76685195075633980,h75126733636203010
h11316019213006310,h75126733636203010
h55661311908770184,h75126733636203010
h30875866954833517,h75126733636203010
h39859458680291776,h75126733636203010
h92890488911577760,h75126733636203010
h63491223773538469,h75126733636203010
h29082127486116980,h75126733636203010
h44132646164090707,h75126733636203010
h36361445110699578,h75126733636203010
h47019392874843437,h75126733636203010
h97805240808780219,h29874244775187683
h26299492472632966,h29874244775187683
h17225648843998538,h29874244775187683
h50566343119039155,h29874244775187683
h51646244307578103,h29874244775187683
h38591569987659276,h29874244775187683
h53754010338495308,h29874244775187683
h70763459538166119,h29874244775187683
h88725039090908255,h29874244775187683
h16563877563174084,h29874244775187683
h86852254091805169,h29874244775187683
h85644878336285057,h27824591965430727
h40318691211066568,h27824591965430727
h37796419421766764,h27824591965430727
h28219646175810981,h27824591965430727
h11811270413923292,h27824591965430727
h61014504007046312,h27824591965430727
h12036287409938094,h27824591965430727
h48825468269817633,h27824591965430727
h49669522306359041,h27824591965430727
h81157786873127089,h27824591965430727
h73538201157542600,h27824591965430727
h96061481760584770,h27824591965430727
h95357785979742868,h27824591965430727
h17648522558182610,h27824591965430727
h91851354421310914,h27824591965430727
h92652267422540486,h27824591965430727
h31580812269642990,h27824591965430727
h45238324823499482,h27824591965430727
h43762313859735059,h77037714577460359
h21925069590090690,h77037714577460359
h32120867624727605,h77037714577460359
h43316894392943442,h77037714577460359
h71859690910408658,h77037714577460359
h52446121968315290,h77037714577460359
h98553959269877990,h77037714577460359
h78911856274000465,h77037714577460359
h75504418071456785,h77037714577460359
h20177455653705852,h77037714577460359
h89701972953465875,h65512644446424480
h30081570152425542,h65512644446424480
h43554578918761010,h65512644446424480
h32225518969872323,h65512644446424480
h63248572492295756,h65512644446424480
h72900320404607298,h65512644446424480
h64997421256854749,h65512644446424480
h10790934013662426,h65512644446424480
h55657327203702124,h65512644446424480
h82791395848288913,h65512644446424480
h88347724796787143,h65512644446424480
h97911019675551547,h65512644446424480
h15917109410663602,h16855692673454459
h60934527872400356,h16855692673454459
h45797820380947531,h16855692673454459
h17926509556761569,h16855692673454459
h70865574616631361,h16855692673454459
h55268317812175531,h16855692673454459
h93471287556917740,h16855692673454459
h77376557641131285,h16855692673454459
h93194435723611749,h16855692673454459
h51515326706366119,h16855692673454459
h74114135924712052,h16855692673454459
h17097486675324519,h16855692673454459
h80920426890033339,h16855692673454459
h15933437521035795,h16855692673454459
h84804892124588112,h84855065422931199
h88837104478398118,h84855065422931199
h49002995706185089,h84855065422931199
h85391314134199569,h84855065422931199
h61553465205156482,h84855065422931199
h75899110032746346,h84855065422931199
h83851429460229894,h84855065422931199
h46614901547301650,h84855065422931199
h44921181897842292,h84855065422931199
h42996825797543075,h84855065422931199
h32792089261442565,h84855065422931199
h40595605286994283,h84855065422931199
h84696283257936958,h84855065422931199
h70136002443779827,h81679276867160287
h32987161401317436,h81679276867160287
h22940951853226961,h81679276867160287
h44962064616175526,h81679276867160287
h55282773511987440,h81679276867160287
h76618125028470973,h81679276867160287
h72348340856776626,h81679276867160287
h50738845650416971,h81679276867160287
h65364823061450508,h81679276867160287
h81769845541784944,h85109494109451852
h56038954508287103,h85109494109451852
h18079035155137952,h85109494109451852
h98378577939566493,h85109494109451852
h10732450603660961,h85109494109451852
h37505358176753800,h85109494109451852
h98981512807304195,h85109494109451852
h80569389102233058,h85109494109451852
h84907377647292950,h85109494109451852
h32511316242619172,h85109494109451852
h12754003601031905,h85109494109451852
h56085944889834013,h85109494109451852
h11190468152362846,h85109494109451852
h13382225222910251,h85109494109451852
h64969658304626709,h85109494109451852
h86894215067132290,h85109494109451852
h77232227440123214,h85109494109451852
h18648598271645023,h85109494109451852
h62332165445533274,h77872464660465186
h47647786800607824,h77872464660465186
h74633720894874568,h77872464660465186
h71057981325421286,h77872464660465186
h79766771812261998,h77872464660465186
h58584544525151374,h77872464660465186
h51636514748545192,h77872464660465186
h16485401065822217,h77872464660465186
h67569397861973456,h77872464660465186
h76155568734079992,h77872464660465186
h76464426209898229,h77872464660465186
h70484481888940212,h77872464660465186
h17964278806212452,h77872464660465186
h47125800677981008,h77872464660465186
h80962918454115570,h77872464660465186
h12904295607043889,h49475040475950115
h89578931481994287,h49475040475950115
h88188474921322778,h49475040475950115
h89397754831665872,h49475040475950115
h98041205415896505,h49475040475950115
h42479497231175497,h49475040475950115
h89199210683516968,h49475040475950115
h67096382985863171,h49475040475950115
h68042488445988706,h49475040475950115
h19266136878127828,h49475040475950115
h39757845111207750,h49475040475950115
h73886013851983858,h49475040475950115
h53411000112594761,h49475040475950115
h81370841914952213,h49475040475950115
h83732867665064153,h49475040475950115
h33284455744010694,h49475040475950115
h44547424866157817,h49475040475950115
h20809210597355140,h89180941231877248
h26879863743193729,h89180941231877248
h15178885687283840,h89180941231877248
h64870328900657734,h89180941231877248
h50545484535240600,h89180941231877248
h18679037805027660,h89180941231877248
h95377356237675601,h89180941231877248
h57562793022626103,h89180941231877248
h40701868318863054,h89180941231877248
h66661985190496997,h89180941231877248
h24420819485291070,h89180941231877248
h20155539645608539,h89180941231877248
h96081543528374588,h89180941231877248
h68126220732093576,h89180941231877248
h61912454329840718,h89180941231877248
h78796810864442464,h76057507550870675
h99020310338397990,h76057507550870675
h61648793544271144,h76057507550870675
h31918808076472236,h76057507550870675
h48249301085761592,h76057507550870675
h80405265918368293,h76057507550870675
h60508797396195989,h76057507550870675
h63493254572308815,h76057507550870675
h91520280907338305,h76057507550870675
h56630922555236524,h76057507550870675
h60560799966728213,h76057507550870675
h12202407411818486,h76057507550870675
h24142747965551270,h76057507550870675
h83324308452401138,h76057507550870675
h57020216264601546,h76057507550870675
h34962273096452106,h55874530520371047
h13145794690116432,h55874530520371047
h53866081260580678,h55874530520371047
h69839681622772290,h55874530520371047
h38912986180473847,h55874530520371047
h60916520641366736,h55874530520371047
h74913573505135751,h55874530520371047
h82254128013542801,h55874530520371047
h11605759578260019,h55874530520371047
h98997794929185702,h55874530520371047
h77807006021917425,h55874530520371047
h10271480314793803,h55874530520371047
h49308803959296860,h55874530520371047
h25552481027416752,h55874530520371047
h15151177563317608,h55874530520371047
h10952610557825171,h78066807240522718
h55901816177390500,h78066807240522718
h40098352684710385,h78066807240522718
h61849185013528957,h78066807240522718
h95698698469601271,h78066807240522718
h21536343195307038,h78066807240522718
h38508317181250238,h78066807240522718
h47968144314832355,h78066807240522718
h10482741021907231,h78066807240522718
h10004120415292300,h78066807240522718
h55962487740081226,h78066807240522718
h12101091368662550,h78066807240522718
h11470633792634521,h78066807240522718
h24971254996948576,h78066807240522718
h31399776903732795,h78066807240522718
h80712928805913603,h61880991090387384
h96912485319278616,h61880991090387384
h85076185240982471,h61880991090387384
h29114243288739087,h61880991090387384
h86994754612836059,h61880991090387384
h44543729239919006,h61880991090387384
h17161082060939261,h61880991090387384
h69289941697935719,h61880991090387384
h94686227863280388,h61880991090387384
h90508900230028932,h61880991090387384
h61666216430339035,h61880991090387384
h76895984666649656,h61880991090387384
h41867869656707081,h61880991090387384
h70884470635806221,h61880991090387384
h86499094784312735,h34983546887505843
h64882049163248745,h34983546887505843
h38549762901029166,h34983546887505843
h43010894006116447,h34983546887505843
h34412505883357822,h34983546887505843
h93770656179534018,h34983546887505843
h66479796536535468,h34983546887505843
h26935185101244048,h34983546887505843
h47467368537379849,h34983546887505843
h28885465789404642,h34983546887505843
h89187344074135140,h34983546887505843
h14623086294203032,h34983546887505843
h81117826481345805,h34983546887505843
h16908341202734110,h34983546887505843
h53151185950887245,h34983546887505843
h44244701432971067,h34983546887505843
h94193058788269145,h34983546887505843
h33585740851575656,h26383878247241924
h53502808758201463,h26383878247241924
h73488802917243811,h26383878247241924
h28439181302659195,h26383878247241924
h58754293542423077,h26383878247241924
h39302919970494096,h26383878247241924
h26327722971142334,h26383878247241924
h73870227775529349,h26383878247241924
h79281163904065293,h26383878247241924
h51420574212923005,h26383878247241924
h98183724198848543,h26383878247241924
h50303324611022341,h26383878247241924
h20505397519001007,h26383878247241924
h36536200220043821,h26383878247241924
h28324959866150531,h26383878247241924
h71921217652242805,h29925476250330664
h82286706492784905,h29925476250330664
h31579806554443254,h29925476250330664
h92804768589351321,h29925476250330664
h67223046155440922,h29925476250330664
h88770304839185559,h29925476250330664
h89903969962238168,h29925476250330664
h59138691150610734,h29925476250330664
h27883431240220901,h29925476250330664
h34109145401433937,h29925476250330664
h96414537303071852,h29925476250330664
h45596965044321995,h29925476250330664
h39714140036874181,h29925476250330664
h18639542565360682,h29925476250330664
h93728563917749651,h29925476250330664
h14416735806450954,h29925476250330664
h82070733034511503,h29925476250330664
h61354737651073021,h29925476250330664
h97004181805511857,h29925476250330664
h22323046033450561,h87923604778011966
h53570641166886948,h87923604778011966
h60930091462174609,h87923604778011966
h34054916168886286,h87923604778011966
h85772889492451207,h87923604778011966
h85449568096224017,h87923604778011966
h81613881494246295,h87923604778011966
h36610588362647386,h87923604778011966
h29399564190568497,h87923604778011966
h93452742538533875,h87923604778011966
h17770511720131979,h87923604778011966
h54566028087477397,h87923604778011966
h84913952002970370,h87923604778011966
h32468680471673803,h87923604778011966
h61367159490051825,h87923604778011966
h23527713137367292,h87923604778011966
h74506970952766148,h87923604778011966
h88519642911889308,h87923604778011966
h44797080495003566,h87923604778011966
h33720514189899254,h87923604778011966
h91788714972119468,h87923604778011966
h76123216343856995,h88284334020163362
h81858004464223470,h88284334020163362
h58990762998981612,h88284334020163362
h42141300709746346,h88284334020163362
h18099556303789745,h88284334020163362
h61273081874866185,h88284334020163362
h64550521418599284,h88284334020163362
h75261295172384283,h88284334020163362
h64533241166427153,h88284334020163362
h68915801463177855,h88284334020163362
h21097718130806769,h88284334020163362
h77274596681866680,h88284334020163362
h26514997083088451,h88284334020163362
h51084214669248516,h88284334020163362
h98963136210698986,h88284334020163362
h67594523046634556,h88284334020163362
h95735265199670745,h88284334020163362
h42182981259252780,h88284334020163362
h29020680310744363,h88284334020163362
h24507434332650599,h88284334020163362
h67805940946501364,h88284334020163362
h62261515370019866,h88284334020163362
h26150493721967859,h88284334020163362
h40567680610550947,h88284334020163362
h75668664703299408,h61004465719790316
h56552737940702647,h61004465719790316
h87416374513760475,h61004465719790316
h16822317284757006,h61004465719790316
h19004676549907909,h61004465719790316
h43012451680137336,h61004465719790316
h81023721279044890,h61004465719790316
h86476133564019767,h61004465719790316
h30062362244726988,h61004465719790316
h39106647957704500,h61004465719790316
h92740516875622434,h61004465719790316
h90741769287871378,h61004465719790316
h19444174426011507,h61004465719790316
h23347880190039393,h61004465719790316
h98493753178624385,h61004465719790316
h51403476916568167,h12903846695120285
h88143001692547131,h12903846695120285
h38757698591638065,h12903846695120285
h38434536157331414,h12903846695120285
h43434912415326276,h12903846695120285
h39190281963073974,h12903846695120285
h75896368033183549,h12903846695120285
h66565149577079540,h12903846695120285
h55310730741927568,h12903846695120285
h96518181566944594,h12903846695120285
h71166420982096050,h12903846695120285
h53883474288231476,h12903846695120285
h31820574208846278,h12903846695120285
h29251918141841432,h12903846695120285
h43449556306454548,h12903846695120285
h63875758901213085,h12903846695120285
h91011998298368708,h12903846695120285
h30933239229808868,h12903846695120285
h55962013745051326,h12903846695120285
h47499344968050543,h41910422267338920
h24105377616476208,h41910422267338920
h23630239066989663,h41910422267338920
h97887024619498232,h41910422267338920
h29629978391837677,h41910422267338920
h85797448574112925,h41910422267338920
h51994416034409767,h41910422267338920
h82529977865857017,h41910422267338920
h98381855127690989,h41910422267338920
h45821320233884617,h41910422267338920
h27491930408165328,h41910422267338920
h18812867056265969,h41910422267338920
h52259921926011225,h41910422267338920
h12822505027695828,h41910422267338920
h54577884282215381,h28947214572096471
h83771992566162261,h28947214572096471
h31424106726408305,h28947214572096471
h78098774606409648,h28947214572096471
h23967373462553441,h28947214572096471
h99383000046319992,h28947214572096471
h52747631669182888,h28947214572096471
h54675256832972298,h28947214572096471
h84026289750535688,h28947214572096471
h26524734066768652,h28947214572096471
h79919974108782882,h28947214572096471
h90662026631560409,h28947214572096471
h51728639046210032,h28947214572096471
h47441892946475279,h28947214572096471
h96513966072426616,h95026647321527428
h96659239976979974,h95026647321527428
h58476765389903381,h95026647321527428
h51621168460018628,h95026647321527428
h53192010650225583,h95026647321527428
h12449378922690615,h95026647321527428
h45664485291781255,h95026647321527428
h54756418757416656,h95026647321527428
h35110551704827528,h95026647321527428
h91918185419658352,h95026647321527428
h66465719381183220,h95026647321527428
h69942116170344044,h95026647321527428
h97753709167249006,h95026647321527428
h13515168297566989,h95026647321527428
h86198645820610274,h95026647321527428
h79100896598652757,h95026647321527428
h65359845915232634,h95026647321527428
h46956201841625513,h95026647321527428
h32827456249763928,h95026647321527428
h30992501411620725,h99455904353250149
h73428526281136056,h99455904353250149
h94920420287801285,h99455904353250149
h53624316356706462,h99455904353250149
h52142267470533378,h99455904353250149
h48782375282020772,h99455904353250149
h14492013073869664,h99455904353250149
h62374952795773912,h99455904353250149
h25069367650549807,h99455904353250149
h44491275458169088,h76898272424697706
h56237605667556465,h76898272424697706
h48648122878386760,h76898272424697706
h22296963971973590,h76898272424697706
h82015523135265541,h76898272424697706
h55401833548456470,h76898272424697706
h63269814358259473,h76898272424697706
h10507257070139344,h76898272424697706
h72784907980231283,h76898272424697706
h63969687244576598,h76898272424697706
h88751079451131465,h76898272424697706
h75949541546099956,h76898272424697706
h99341103194330258,h76898272424697706
h52175480334202077,h76898272424697706
h92557530724877346,h76898272424697706
h86076915747735521,h76898272424697706
h76384921670605733,h76898272424697706
h89872741847178140,h76898272424697706
h23720129391661191,h26297641714183279
h83759979909390448,h26297641714183279
h82532523963668637,h26297641714183279
h53919070270950636,h26297641714183279
h89701090432533688,h26297641714183279
h47316080997565125,h26297641714183279
h10039031941056173,h26297641714183279
h40282320054598631,h26297641714183279
h25197769603173728,h26297641714183279
h88540087345272323,h26297641714183279
h96563296241959287,h26297641714183279
h92006637944906559,h26297641714183279
h36530552952325367,h26297641714183279
h57738081141417769,h26297641714183279
h51407000476509188,h26297641714183279
h17430574380323676,h26297641714183279
h64208389617673325,h26297641714183279
h72375311438964351,h26297641714183279
h16433980947782105,h26297641714183279
h51039317281358319,h26297641714183279
h86047340608699252,h26297641714183279
h42590140623916103,h26297641714183279
h17083211597598001,h26297641714183279
h92005471898954137,h36643858976354575
h73382099153984337,h36643858976354575
h77527170682655318,h36643858976354575
h23642014597675571,h36643858976354575
h88356921379351591,h36643858976354575
h84409882021468735,h36643858976354575
h45854507899495618,h36643858976354575
h44237886222468458,h36643858976354575
h55370687382381212,h36643858976354575
h59749082420967566,h36643858976354575
h19932250712562195,h36643858976354575
h69600626575145102,h36643858976354575
h53908601738813482,h36643858976354575
h37425409615294843,h36643858976354575
h46200589836064330,h36643858976354575
h44763911925402594,h36643858976354575
h79128830023678883,h36643858976354575
h99878922961117138,h36643858976354575
h54093837195010115,h36643858976354575
h20025251176777877,h36643858976354575
h64786921824731746,h36643858976354575
h16758366303350807,h67604067655050740
h36968333615529411,h67604067655050740
h78090733519014409,h67604067655050740
h18150062077800014,h67604067655050740
h57501297662497380,h67604067655050740
h68902085559263885,h67604067655050740
h30287309113883299,h67604067655050740
h24980866699076248,h67604067655050740
h15936405707506432,h67604067655050740
h74545538835096299,h32097008069137810
h30043778574745047,h32097008069137810
h57701529597305974,h32097008069137810
h66226118137148690,h32097008069137810
h51053079826723915,h32097008069137810
h77896807985217950,h32097008069137810
h46721521094200503,h32097008069137810
h67317216103195663,h32097008069137810
h42206247252589830,h32097008069137810
h74467699051584386,h32097008069137810
h65314191083796421,h32097008069137810
h43708613200789821,h32097008069137810
h49940479216097048,h32097008069137810
h75825678658990711,h32097008069137810
h17538111412286429,h32097008069137810
h62795360919563224,h93537829769779412
h81933901615537220,h93537829769779412
h67421030436774020,h93537829769779412
h44742632455274621,h93537829769779412
h92841299499660702,h93537829769779412
h83548039214130788,h93537829769779412
h34095472935782783,h93537829769779412
h54916614760636369,h93537829769779412
h89609907212382198,h93537829769779412
h11471377237866371,h93537829769779412
h55462817308715632,h93537829769779412
h14577034416545655,h93537829769779412
h95097863582940366,h93537829769779412
h41744341640674552,h93537829769779412
h85105171596951719,h26188379203483502
h72526930404395698,h26188379203483502
h73143837515093379,h26188379203483502
h91380576727976748,h26188379203483502
h57914112773867069,h26188379203483502
h39691073435470585,h26188379203483502
h53782065668696258,h26188379203483502
h62845441656998562,h26188379203483502
h66256272232083835,h26188379203483502
h71396822830499953,h26188379203483502
h93702980192460742,h26188379203483502
h22722789825970377,h26188379203483502
h16865166023402341,h26188379203483502
h16093987546311486,h26188379203483502
h32184725138964497,h90166744881739593
h33132390042406360,h90166744881739593
h29243814984682774,h90166744881739593
h22404621304722842,h90166744881739593
h63070048721478557,h90166744881739593
h69300662338868852,h90166744881739593
h25767650391453161,h90166744881739593
h76368864881000053,h90166744881739593
h62284946320286827,h90166744881739593
h46901587369043241,h90166744881739593
h36482819329273924,h90166744881739593
h24205937416338781,h90166744881739593
h67203010051605155,h90166744881739593
h88288012169446111,h90166744881739593
h11934852229455379,h90166744881739593
h47929611930674011,h60156697447095951
h50410092661213238,h60156697447095951
h98522212958546392,h60156697447095951
h87125415423171386,h60156697447095951
h83833711314878499,h60156697447095951
h64773192520282067,h60156697447095951
h51046351207285980,h60156697447095951
h69119521459191979,h60156697447095951
h20090579332433754,h60156697447095951
h45841525935905756,h60156697447095951
h16986716683135011,h60156697447095951
h85097115706817413,h78710890822849651
h23894271717625517,h78710890822849651
h54216291545906995,h78710890822849651
h98443377905374061,h78710890822849651
h65813499134852425,h78710890822849651
h85391066849015123,h78710890822849651
h80388423007298729,h78710890822849651
h87938877442545471,h78710890822849651
h13173342467317259,h78710890822849651
h15703103200817662,h78710890822849651
h14462797525874031,h78710890822849651
h90385663778978399,h78710890822849651
h70370490533980487,h78710890822849651
h57871564764000853,h78710890822849651
h91043109429995684,h26484962682344483
h78611777008930170,h26484962682344483
h18886427564309550,h26484962682344483
h97119596147309570,h26484962682344483
h65172001961972484,h26484962682344483
h76304203135076980,h26484962682344483
h88308120041156248,h26484962682344483
h40082532813912188,h26484962682344483
h78327094299122841,h26484962682344483
h74770443325894335,h26484962682344483
h83920379612128121,h26484962682344483
h87248193340844685,h26484962682344483
h44211957721464138,h26484962682344483
h98906526837839550,h36953882809825279
h75137829161290387,h36953882809825279
h88564157136998450,h36953882809825279
h31386069396625079,h36953882809825279
h22578153155149629,h36953882809825279
h24078620684916405,h36953882809825279
h53520910271092035,h36953882809825279
h14953353384763083,h36953882809825279
h18295481912054425,h36953882809825279
h76997389575825470,h36953882809825279
h19860078006059998,h36953882809825279
h85348222556113947,h36953882809825279
h18436826850229229,h36953882809825279
h14385910588235681,h36953882809825279
h41728173007131828,h36953882809825279
h74505398014116383,h36953882809825279
h38077782540627921,h32318666546577218
h52475629580867674,h32318666546577218
h79041475374124201,h32318666546577218
h17530105540727507,h32318666546577218
h86623078306651450,h32318666546577218
h69843907088595652,h32318666546577218
h68259889397268085,h32318666546577218
h50889294490538004,h32318666546577218
h12189024253144423,h32318666546577218
h30456654772499974,h32318666546577218
h60549759071790968,h32318666546577218
h75079986566485268,h32318666546577218
h13137339413211047,h32318666546577218
h18127677730897960,h32318666546577218
h41089414631828075,h32318666546577218
h41687899663523317,h32318666546577218
h51915190594367750,h87814592442693741
h94537795328320905,h87814592442693741
h35812759105936725,h87814592442693741
h82590420072180402,h87814592442693741
h92333955011661025,h87814592442693741
h16029371764644897,h87814592442693741
h44399435008222720,h87814592442693741
h90279684175676017,h87814592442693741
h19991205645007437,h87814592442693741
h31742276464113984,h87814592442693741
h16841121194835658,h87814592442693741
h32906990279882129,h87814592442693741
h64167415144397202,h87814592442693741
h81917108941927185,h87814592442693741
h25759960640323410,h87814592442693741
h21997112676607292,h20087473405108035
h24671350809157020,h20087473405108035
h67304838409222301,h20087473405108035
h11549747174303599,h20087473405108035
h95292140201414744,h20087473405108035
h34250212941604376,h20087473405108035
h18122387270874948,h20087473405108035
h63611666498157238,h20087473405108035
h84951740987080586,h20087473405108035
h79952792173316988,h20087473405108035
h28009024212016566,h20087473405108035
h24579329161182606,h20087473405108035
h13463324797715651,h20087473405108035
h70135322765164033,h20087473405108035
h17124545872053816,h20087473405108035
h24263510810910200,h20087473405108035
h54433784199110549,h20087473405108035
h13289710034815388,h20087473405108035
h67543807603929621,h20087473405108035
h50963229472127246,h20087473405108035
h14981421388068543,h20087473405108035
h98070143008383021,h20087473405108035
h31807491506430317,h20087473405108035
h70146513406942059,h20087473405108035
h96320979933348780,h20087473405108035
h65849182722464634,h20087473405108035
h29000065159770621,h39313882530587661
h57268281527975911,h39313882530587661
h16467577002408133,h39313882530587661
h80926869265119339,h39313882530587661
h31627342553910716,h39313882530587661
h87272860440130038,h39313882530587661
h50411064354034311,h39313882530587661
h87089881628908348,h39313882530587661
h76331272014696429,h39313882530587661
h64817531762203573,h39313882530587661
h35604014294450133,h39313882530587661
h93570211231387578,h39313882530587661
h10976979644224336,h39313882530587661
h30046713276746666,h39313882530587661
h80109163611263614,h39313882530587661
h90007031937747753,h39313882530587661
h44719887580714933,h39313882530587661
h82431051261395046,h39313882530587661
h81046377741989296,h39313882530587661
h81780941780649917,h39313882530587661
h52819070435859335,h39313882530587661
h72105969972956223,h39313882530587661
h56330405820726473,h39313882530587661
h69977575055996629,h39313882530587661
h58572695661443411,h39313882530587661
h79457479071687796,h39313882530587661
h40438013408706350,h39313882530587661
h44184670022896574,h12055257140362620
h98269827962637717,h12055257140362620
h68846625708009763,h12055257140362620
h54326714526756670,h12055257140362620
h65385150515334585,h12055257140362620
h93329816565032039,h12055257140362620
h38026568001576684,h12055257140362620
h65673219216038002,h12055257140362620
h78209238253756017,h12055257140362620
h98025965145006033,h12055257140362620
h27534906497768207,h12055257140362620
h77111361844129204,h12055257140362620
h37596032700821612,h12055257140362620
h86374380324607830,h12055257140362620
h14219860743438844,h12055257140362620
h22846337927837202,h12055257140362620
h99965298611172059,h12055257140362620
h76142290432953018,h68047856491482065
h78814312200000111,h68047856491482065
h95036326800044736,h68047856491482065
h24161007204131380,h68047856491482065
h20936310842808903,h68047856491482065
h82968510397722898,h68047856491482065
h65263860846880798,h68047856491482065
h39648764698844303,h68047856491482065
h40354768752909814,h68047856491482065
h39278949985536124,h68047856491482065
h85221531944667971,h68047856491482065
h57576380029712175,h68047856491482065
h57027331416361870,h68047856491482065
h17570712251418476,h68047856491482065
h24471357557852669,h68047856491482065
h41964448830051400,h68047856491482065
h93873062280501357,h52187838588028731
h19471776191048536,h52187838588028731
h75781192090821882,h52187838588028731
h13374263756442854,h52187838588028731
h23214027921267327,h52187838588028731
h75783364266484870,h52187838588028731
h46074049294690405,h52187838588028731
h94821065584083701,h52187838588028731
h86253331728443609,h52187838588028731
h52965832526278619,h52187838588028731
h73289577061387034,h52187838588028731
h22272794038003277,h52187838588028731
h42197287166649695,h52187838588028731
h30979443837728405,h52187838588028731
h44232043381319095,h52187838588028731
h99046660192796422,h52187838588028731
h34234934838710349,h52187838588028731
h35363253202040937,h60350598621794121
h96689477283947718,h60350598621794121
h51366475632720912,h60350598621794121
h17111516074547056,h60350598621794121
h29017521915443158,h60350598621794121
h77370126889805384,h60350598621794121
h33040471932670277,h60350598621794121
h52251180571401290,h60350598621794121
h75200793145872847,h60350598621794121
h85921998759964794,h60350598621794121
h64285075754279344,h18753411459423485
h63923163976815916,h18753411459423485
h81708155170011647,h18753411459423485
h97171878329123224,h18753411459423485
h39290129285197494,h18753411459423485
h85063436139132276,h18753411459423485
h78182960263909195,h18753411459423485
h80138886778770974,h18753411459423485
h15974758146970929,h18753411459423485
h22855130764769736,h18753411459423485
h11411084862876378,h18753411459423485
h20382769631272824,h18753411459423485
h49297825714252598,h18753411459423485
h49489711983177130,h18753411459423485
h91615908739466137,h18753411459423485
h32067459748462947,h16613965179137396
h19145741411283445,h16613965179137396
h43965831140202067,h16613965179137396
h90147758337361670,h16613965179137396
h36529134746607224,h16613965179137396
h54151736028329822,h16613965179137396
h25096179434451040,h16613965179137396
h26807139935651518,h16613965179137396
h41693576192653058,h16613965179137396
h18953384127544267,h60126349252913098
h47308861272515517,h60126349252913098
h93200773095604561,h60126349252913098
h80042148896366914,h60126349252913098
h92939084271713157,h60126349252913098
h50262329436664180,h60126349252913098
h25277525001893214,h60126349252913098
h10789658563741834,h60126349252913098
h59675497329435292,h60126349252913098
h22925449685529022,h60126349252913098
h42182741267457430,h60126349252913098
h94653087944341787,h60126349252913098
h14636229712966184,h60126349252913098
h70783897524946758,h60126349252913098
h50725262678650972,h60126349252913098
h20225947195499787,h60126349252913098
h58802086447487840,h91228015531403106
h49397220736909373,h91228015531403106
h82472408582412475,h91228015531403106
h53984661442526888,h91228015531403106
h77163811716355256,h91228015531403106
h48857515438613381,h91228015531403106
h94960104439075596,h91228015531403106
h37170374110822936,h32071836734975043
h28478821161387619,h32071836734975043
h50868585962694826,h32071836734975043
h67390438913185032,h32071836734975043
h87588822530085005,h32071836734975043
h31501643535413326,h32071836734975043
h98118650382008553,h32071836734975043
h94291116368530240,h32071836734975043
h36099743554829762,h32071836734975043
h40196333900666791,h32071836734975043
h15241623094082229,h32071836734975043
h33676206408370147,h32071836734975043
h87553672814027296,h32071836734975043
h71337285712947984,h32071836734975043
h89030963442934028,h32071836734975043
h46338199967635294,h32071836734975043
h64561338418124895,h72265081769696076
h55935929348736763,h72265081769696076
h17786519129203788,h72265081769696076
h57596447888872481,h72265081769696076
h95784003448921861,h72265081769696076
h42295649504984391,h72265081769696076
h36442754642340930,h62404216122977327
h46979293375853611,h62404216122977327
h75468155018727515,h62404216122977327
h79795174560812378,h62404216122977327
h64230637115739027,h62404216122977327
h33901199105423249,h62404216122977327
h93063489487451936,h62404216122977327
h65557972242233913,h62404216122977327
h67758158199457483,h62404216122977327
h64588590803825276,h62404216122977327
h75096474029120138,h62404216122977327
h69514456657560091,h62404216122977327
h57985281873204105,h62404216122977327
h64947561897661788,h62404216122977327
h20410351575076922,h62404216122977327
h31434402666817198,h62404216122977327
h38581377810537497,h62404216122977327
h80218364487617716,h30106537039997047
h12528055390864499,h30106537039997047
h41144125576698520,h30106537039997047
h77669974104816264,h30106537039997047
h67749410726944087,h30106537039997047
h56964321349763685,h30106537039997047
h15370227797294300,h30106537039997047
h62435525756548509,h30106537039997047
h21271399972575498,h30106537039997047
h28586311386583375,h30106537039997047
h27463213476014955,h30106537039997047
h80819843755472293,h30106537039997047
h87595083247573476,h30106537039997047
h39672832942998205,h70122171469506066
h66086945151840321,h70122171469506066
h18689572912052296,h70122171469506066
h11646620802748470,h70122171469506066
h87042035819684765,h70122171469506066
h62967240189656003,h70122171469506066
h89343866090250894,h70122171469506066
h94544888582616956,h70122171469506066
h36889394125458808,h70122171469506066
h34570742574064427,h70122171469506066
h29267652529217497,h70122171469506066
h99948892597357799,h97975545809284798
h77959973918263599,h97975545809284798
h19234162890090458,h97975545809284798
h90606843087827206,h97975545809284798
h96104083616682852,h97975545809284798
h44502926884152556,h97975545809284798
h43126270968967958,h97975545809284798
h89443090997908853,h97975545809284798
h35597698272128445,h97975545809284798
h12556746164957639,h97975545809284798
h86971089308797615,h97975545809284798
h86689469276476686,h97975545809284798
h10717722194718138,h97975545809284798
h75294533828997216,h97975545809284798
h38185456814773146,h97975545809284798
h57965363676098588,h97975545809284798
h60632814501344797,h97975545809284798
h76796473951184517,h97975545809284798
h19602499746155213,h97975545809284798
h43385040425178303,h39261416051134701
h15126567214836772,h39261416051134701
h41271663625083191,h39261416051134701
h96053430032994509,h39261416051134701
h66126217170363644,h39261416051134701
h22883196743274934,h39261416051134701
h99188121193006405,h39261416051134701
h56463663609849950,h39261416051134701
h81398037976384143,h39261416051134701
h98124413482390622,h39261416051134701
h15625881833289668,h39261416051134701
h92014433818031626,h39261416051134701
h77082809317094710,h39261416051134701
h38329128875987987,h39261416051134701
h79421567432228510,h11728072643502644
h25665030523569238,h11728072643502644
h50918191124069357,h11728072643502644
h99710867242473138,h11728072643502644
h54777289419149610,h11728072643502644
h65228017919834724,h11728072643502644
h57109163501119720,h11728072643502644
h95871807211496095,h11728072643502644
h86268192676359212,h11728072643502644
h36683487151745765,h11728072643502644
h69955056228612660,h11728072643502644
h10802094614300440,h11728072643502644
h27611649548903166,h11728072643502644
h69335285026664062,h11728072643502644
h59504576984584277,h11728072643502644
h90837469665990263,h11728072643502644
h92261645153334715,h11728072643502644
h47297210088804487,h91848588386350858
h37216805025145241,h91848588386350858
h53731759211157359,h91848588386350858
h90290161072557527,h91848588386350858
h69431066459249626,h91848588386350858
h92710419163765429,h91848588386350858
h36424612561897996,h91848588386350858
h56433767973119155,h91848588386350858
h53296452318428354,h38178382364704656
h12846527342884390,h38178382364704656
h46176258517668298,h38178382364704656
h29308040779908879,h38178382364704656
h45651044038005314,h38178382364704656
h20869631119229745,h38178382364704656
h53986295613112189,h38178382364704656
h75494410194591920,h38178382364704656
h87059748592893021,h48399845337916817
h95625427154726688,h48399845337916817
h27678333378711094,h48399845337916817
h41949701133601192,h48399845337916817
h63145606398124341,h48399845337916817
h68976642082219441,h48399845337916817
h33661252518566859,h48399845337916817
h37369813790808572,h48399845337916817
h70605984258528061,h48399845337916817
h70957563139607299,h48399845337916817
h57586061633688629,h48399845337916817
h36547354717001831,h48399845337916817
h94940385872673949,h48399845337916817
h79029290391488101,h48399845337916817
h72309530608724974,h48399845337916817
h99845969046468183,h48399845337916817
h26186066616086772,h48399845337916817
h39629407930834396,h32920296209042621
h76717916925769439,h32920296209042621
h69593625908450326,h32920296209042621
h86261511737375691,h32920296209042621
h20023380192172022,h32920296209042621
h42738450669745361,h32920296209042621
h29039945412564997,h32920296209042621
h15958672445011468,h32920296209042621
h27584599773670619,h32920296209042621
h69087518423635413,h32920296209042621
h61989831276159584,h32920296209042621
h67938786156301588,h32920296209042621
h23320099199281534,h32920296209042621
h62061545570630196,h32920296209042621
h61685569358127104,h32920296209042621
h59386355053285546,h79245095526331372
h19069118542051577,h79245095526331372
h18161057807647143,h79245095526331372
h31556814169288007,h79245095526331372
h18083090131521521,h79245095526331372
h67144936007084762,h79245095526331372
h32432801740020576,h79245095526331372
h45660746274930737,h79245095526331372
h23563011642736241,h79245095526331372
h36788878321559402,h79245095526331372
h25561290929951812,h79245095526331372
h33564209006761776,h79245095526331372
h29670242993332569,h79245095526331372
h16182235063712260,h79245095526331372
h59076865378411010,h79245095526331372
h56724901906099815,h45225578479275764
h71336177070168556,h45225578479275764
h90357327482900047,h45225578479275764
h14825568509685941,h45225578479275764
h76442136268411556,h45225578479275764
h76504736454746576,h45225578479275764
h37351204715674348,h45225578479275764
h26514465701185311,h45225578479275764
h99228408881332597,h45225578479275764
h40919275217071860,h45225578479275764
h32850777035041773,h45225578479275764
h59407742135394540,h45225578479275764
h64721621458593813,h45225578479275764
h88432649019197862,h45225578479275764
h88953524291237685,h45225578479275764
h42933335399754157,h45225578479275764
h74850457687669476,h54663771728817857
h15846890270133188,h54663771728817857
h86738313091679737,h54663771728817857
h84952672437301489,h54663771728817857
h50554262779776235,h54663771728817857
h88812362741908343,h54663771728817857
h74605672012710588,h54663771728817857
h43014111048194449,h54663771728817857
h27817260053236324,h54663771728817857
h27588058963715085,h54663771728817857
h33897122974755062,h54663771728817857
h90525176098313738,h54663771728817857
h29027688199797637,h54663771728817857
h20472432039205410,h54663771728817857
h58220313441787409,h54663771728817857
h65940927994140400,h60706528052753048
h58440865480008349,h60706528052753048
h25825620360808614,h60706528052753048
h47097858303760584,h60706528052753048
h59345287063909463,h60706528052753048
h58953087505142401,h60706528052753048
h57587398957003855,h60706528052753048
h46736699182547625,h60706528052753048
h52530837448821016,h60706528052753048
h36476037998698678,h60706528052753048
h91022749978119697,h60706528052753048
h46766294489391458,h23451261496232711
h57305823645082001,h23451261496232711
h65676389253623671,h23451261496232711
h19020271010796596,h23451261496232711
h13866318582822790,h23451261496232711
h53538856252362221,h23451261496232711
h82987013448322532,h23451261496232711
h57228048415559748,h23451261496232711
h12932818223497893,h23451261496232711
h47937437046763393,h23451261496232711
h47668748281211792,h23451261496232711
h42027718333425915,h23451261496232711
h93491916544668703,h23451261496232711
h81090180459449664,h23451261496232711
h90601859172146906,h23451261496232711
h59961783468844763,h23451261496232711
h90337201247477473,h23451261496232711
h42894137804296853,h86123411679233165
h33481847482759735,h86123411679233165
h97054988068680968,h86123411679233165
h44241814291615552,h86123411679233165
h25974573932460208,h86123411679233165
h37847268790238417,h86123411679233165
h16857281203705682,h86123411679233165
h60259386453805050,h86123411679233165
h86559020396257833,h86123411679233165
h55506806649935588,h86123411679233165
h15603508584532150,h86123411679233165
h62990879432011213,h86123411679233165
h20709449943603635,h86123411679233165
h74324356657979493,h52825542006501964
h69896076817321819,h52825542006501964
h69671384489037248,h52825542006501964
h55606621932188223,h52825542006501964
h41496999756753254,h52825542006501964
h56094999884829951,h52825542006501964
h54688047814459548,h52825542006501964
h24698937379192793,h52825542006501964
h32628500009445464,h52825542006501964
h26679029499008535,h52825542006501964
h99733686879199385,h52825542006501964
h69164978009666091,h52825542006501964
h80438388457188970,h52825542006501964
h70180044459476856,h52825542006501964
h49645249740426259,h52825542006501964
h73383870924620238,h52825542006501964
h78100058767091782,h52825542006501964
h90473926336642975,h52825542006501964
h87112516038950165,h52825542006501964
h70745491181615520,h40598622594113859
h19374097152680240,h40598622594113859
h58406944831536060,h40598622594113859
h61112996619422022,h40598622594113859
h64494990291638303,h40598622594113859
h34653227676063310,h40598622594113859
h36385456684863387,h40598622594113859
h61698758147841765,h40598622594113859
h34070523196942553,h40598622594113859
h52381488737409946,h40598622594113859
h21749971441499462,h87078845142742326
h62064180274521134,h87078845142742326
h74901914640144160,h87078845142742326
h76272293209507233,h87078845142742326
h22969834307668189,h87078845142742326
h22841696961032777,h87078845142742326
h63173260180646182,h87078845142742326
h95059203613808799,h87078845142742326
h81173816069679651,h87078845142742326
h66003834604136007,h87078845142742326
h19874024496961518,h87078845142742326
h56551911144521585,h87078845142742326
h62957249843781764,h87078845142742326
h23577680600076702,h87078845142742326
h56786462831100272,h87078845142742326
h14655778076081808,h87078845142742326
h84027114839402982,h57865620496598214
h38849106566007181,h57865620496598214
h26679148780065250,h57865620496598214
h97923462200669213,h57865620496598214
h51788034973336014,h57865620496598214
h46667799479821591,h57865620496598214
h37417201571867818,h57865620496598214
h22332022810035854,h57865620496598214
h39029309926505105,h57865620496598214
h39761781036699787,h57865620496598214
h90466321312716656,h57865620496598214
h69781949982181160,h57865620496598214
h33262820165520439,h57865620496598214
h18783995708410608,h57865620496598214
h75693979332727709,h77678995803283670
h74630587946852445,h77678995803283670
h89837374661913831,h77678995803283670
h46583263690055081,h77678995803283670
h65487970449217259,h77678995803283670
h87854309805505674,h77678995803283670
h31664061449673900,h77678995803283670
h25331183676721228,h77678995803283670
h24318377490776124,h77678995803283670
h90264559396618439,h77678995803283670
h87385903906520429,h77678995803283670
h35396841364124206,h17642027363839928
h40651645761775332,h17642027363839928
h71761648043717071,h17642027363839928
h16121031964078951,h17642027363839928
h19728109679875226,h17642027363839928
h49832359893998238,h17642027363839928
h90672133937430760,h17642027363839928
h48566048886602223,h17642027363839928
h45232505555869814,h82512558614785605
h82625471240703324,h82512558614785605
h16928717503092525,h82512558614785605
h53545779107596576,h82512558614785605
h82590118794077396,h82512558614785605
h94920377485726727,h82512558614785605
h85838224488525331,h82512558614785605
h87368834837184795,h82512558614785605
h25166761759341885,h82512558614785605
h47367402837262204,h82512558614785605
h73106013078110815,h82512558614785605
h64504516237728715,h82512558614785605
h97862358379527882,h82512558614785605
h29795430702108402,h28741118058597344
h55106417546527602,h28741118058597344
h27913781157225326,h28741118058597344
h11138858191032472,h28741118058597344
h38446116311399572,h28741118058597344
h27444123692259473,h28741118058597344
h32384519777345114,h28741118058597344
h51663440491832603,h28741118058597344
h76377305627097280,h28741118058597344
h68708345583281518,h28741118058597344
h97204704434185333,h28741118058597344
h84783255203405503,h92605341477762589
h23119071510214401,h92605341477762589
h95630818910757604,h92605341477762589
h65671230351095642,h92605341477762589
h82243443068333689,h92605341477762589
h11019841512123185,h92605341477762589
h16813162775407769,h92605341477762589
h28348362275892362,h92605341477762589
