Estimate_Age,First_Name,Household_ID,Last_Name,Sex,Visitor_Address,Visitor_Address_Country,Visitor_Address_Postcode,Visitor_Address_UPRN,Visitor_ID,Visitor_Day_Of_Birth,Visitor_Month_Of_Birth,Visitor_Year_Of_Birth,Visitor_Age,QID,Visitor_Age_Last_Birthday
1,Damien,h72097701242196782,Ellis,1,"Studio 08H
Jamie forges, West Kathleen",246,B98 7BS,396745966430,c3992206635193107417,26,11,1954,65,q8389498791074199,65
1,Jennifer,h75524161217738871,Wilson,-9,"7 Stanley rapids, East Phillipstad",986,G6 2WJ,275709169821,c5241704849059356809,11,5,1953,66,q7135109484339006,66
-8,Elaine,h63950038588981071,Baxter,2,"Flat 5
Denis center, Leighburgh",764,SN4A 1NP,224505791151,c4594788433408172581,6,9,1911,108,q1229589786898758,108
1,Justin,h53242182670218197,Gill,-9,"Flat 3
Mohammed parks, Gracehaven",833,B96 5BB,583748851775,c8551410698892542485,14,1,1958,61,q5244742184147853,61
-8,Georgia,h43501818428543871,Smith,2,"586 Ahmed ports, Griffinborough",760,LU34 9RQ,263692966349,c2287333120476616477,12,2,1949,70,q2522771536243890,70
1,Marian,h39568580950065877,Phillips,1,"1 Smith ford, Lake Aimee",586,LE13 8XF,129337717936,c6181559923949331807,26,4,1919,100,q1409296505914093,100
1,Shannon,h48555477270708937,Burrows,1,"302 Woods stravenue, Thomasburgh",634,TS02 1XB,808952771156,c1660967320440445031,26,3,1935,84,q7541544727550872,84
-8,Daniel,h37462337227544126,Hobbs,1,"1 Butcher dam, Lake Glenn",174,E37 7HP,967820820764,c8972864263006608577,26,12,1912,107,q8174638630456854,107
-8,Josh,h21918751085448290,Ward,2,"5 Julian inlet, Gordonville",0,G5 0GP,446419737854,c8460311476756176065,24,3,1991,28,q9191683790369646,28
1,Elliott,h40616214966817898,Graham,2,"Flat 38
Baker landing, Malcolmborough",862,TR2 6SN,788047838344,c4088300947117020433,16,9,2017,2,q9661938893090508,2
-8,Karl,h61267855873030182,Walker,-9,"10 Owen keys, Stanleyland",120,S7H 5SQ,872113970150,c2717786268196040031,8,1,1996,23,q8538247022254186,23
-8,Roger,h72342849847277387,Hall,1,"9 Timothy mountains, North Norman",462,AB8 7FH,102708321498,c3723410579960473525,25,5,1954,65,q1728122517921933,65
-8,Dawn,h38380877506666385,Hodgson,1,"32 Georgina club, Phillipfort",0,LU6 6RU,325763919834,c3332819120213457999,16,6,2000,19,q4581771626116050,19
1,Ann,h47238119764940414,King,2,"Studio 57
Hayley inlet, Lake Ameliashire",528,E9G 3EA,364936686726,c3202236997599381120,21,2,1961,58,q4036782274787950,58
-8,Duncan,h31009329055161103,O'Connor,-7,"27 Collins lake, Berryport",882,M28 2EJ,657718957014,c1941499274004117353,9,7,1925,94,q8565925605544167,94
1,Lucy,h81472596229216274,Birch,2,"Studio 7
Foster ferry, Bernardfort",84,PR8X 7QT,518247914708,c4810190839494178426,26,1,1937,82,q1081786798405625,82
1,Paul,h11901225277469265,White,-7,"Flat 62X
Matthew extensions, Gordonchester",324,RH90 9SL,453904248016,c6602214454948182003,20,12,2006,13,q9100512981683072,13
1,Graeme,h59415872248208429,Jones,-9,"Studio 08x
Tony mission, Zoeland",562,NE1X 3HP,765891875071,c4835097118545183628,3,11,1954,65,q3662987324161498,65
1,Kyle,h78086255126839598,Baker,-7,"09 Ross key, New Joe",70,HR9Y 7QG,598378141784,c6818602118553459734,9,10,1924,95,q5982218720307774,95
1,Keith,h72342849847277387,Parry,1,"Studio 86C
Jeremy springs, Port Howardside",430,S8K 8AW,641811158098,c4614486464397486746,4,5,1955,64,q1728122517921933,64
-8,Caroline,h11438985706477453,Bennett,-9,"390 Allen haven, South Wayne",440,LN51 6HW,449363285257,c4378712647509044523,5,6,1976,43,q2436461322043193,43
-8,Shane,h53508134732733368,Skinner,1,"8 Turner burg, North Glenchester",340,S4E 8ZW,633782802081,c4327677931165187699,24,3,1998,21,q7841645866072256,21
-8,Heather,h58084624912273532,Turner,-9,"Studio 17Y
Leonard squares, Hussainfurt",203,W4 2FJ,363876515487,c7851963249545492290,24,7,1999,20,q8230838902841399,20
1,Maureen,h16889573815243117,Morris,1,"67 Gregory way, New Jennamouth",16,CB06 6PT,374810404413,c2017034852855375910,18,5,1977,42,q3550805876383551,42
-8,Amanda,h26072874067837455,Murphy,-7,"8 Hill river, Jacquelinestad",120,N81 6NF,898237057397,c7914611437031064511,18,2,2001,18,q8972423302224124,18
-8,Gary,h46764345598746216,Thomas,-7,"Studio 8
Martin rue, New Gailberg",981,ST81 1RB,43871917567,c5543254867495313368,27,2,1944,75,q3596555759286332,75
-8,Sally,h78058427789519340,Watkins,-7,"Flat 0
Aaron ramp, Wongville",834,B8 6UW,68096401646,c7126357846876308608,30,6,1954,65,q2096553102243934,65
1,Jemma,h32453768204445286,Richards,-9,"3 Frances circle, Lake Bethside",70,LA8 3UB,37973555133,c6680304780318679270,14,4,1930,89,q4640292669355460,89
-8,Emily,h95986633389828246,Singh,1,"Flat 17u
Denise trail, South Darren",925,S5W 4NY,386478034159,c7725195845415640479,24,8,1962,57,q3667589723518315,57
1,Gemma,h48051456694970019,Owens,1,"5 Hill harbor, Junehaven",922,NG70 1XH,651981745886,c2648873695802987255,5,2,1941,78,q9777735171046365,78
-8,Jade,h86222597699719915,Hall,2,"Flat 1
Ahmed meadow, Foxland",140,W2 8SW,261303976681,c7724774391397900590,15,12,1947,72,q6971076482386232,72
-8,Danielle,h18782080427397154,Bell,1,"Studio 15
Brown path, Smithland",484,EC8A 3BT,206793057667,c3916660339495852114,20,5,1944,75,q3519223259700656,75
1,Jill,h87896447564037085,Sanderson,-9,"Studio 07Z
Fiona parkway, Michelleside",926,W1T 2PG,528398281220,c4884263284032418203,9,9,1997,22,q5531465388893843,22
1,Alison,h32558442688980625,Smith,2,"47 Christian crescent, Nicolaport",231,G77 0LT,594077427560,c1924706110940902329,17,6,1931,88,q3389306853301356,88
-8,Lydia,h55137408986093171,Gardiner,1,"32 Hunt skyway, Alistad",48,YO1M 9NY,201590969166,c5298354179799589856,21,3,1971,48,q5909483572818356,48
1,Tracey,h15657710104056324,Evans,-9,"53 Hollie point, Ellisland",796,L0 3UZ,664118050503,c5324853908575598314,25,5,1976,43,q6770036444837543,43
-8,Oliver,h23695598812427835,Wright,-7,"Flat 10b
Conor radial, Zoemouth",422,EC24 3UF,521165907232,c4006043250077807118,16,6,1932,87,q9657721207352870,87
-8,Norman,h82001553633991083,Bell,-7,"Flat 62v
Noble green, Lake Phillipmouth",414,G7 0YH,293158522972,c2305333593669329294,18,9,1910,109,q7447070315329627,109
-8,Gregory,h65729883519923285,Jones,1,"Flat 43F
Pritchard drive, Mileshaven",581,EH4X 7JW,874313062515,c3569375865027069259,2,11,1992,27,q9741033973231996,27
1,Abigail,h93247595067772726,Smith,-7,"295 Lynne walk, Port Justinland",140,B9 6JB,565222676638,c8148360809777615086,4,9,1931,88,q8361156290345692,88
-8,Malcolm,h25610563818712555,Harding,2,"729 Clarke bridge, Smithburgh",174,BA51 8HE,999689877606,c2414733354742584674,28,7,1977,42,q3111516563484576,42
-8,Gail,h42029847008594640,Fisher,-9,"Flat 34
Hannah brook, Malcolmfort",986,TQ4H 4BT,189155647704,c2308941114337083007,28,4,1946,73,q4524447622693334,73
1,Nicola,h66175585295514210,Lee,-7,"3 Marian lake, North Bethan",470,B03 9ZW,13465569005,c4163036182877298853,5,12,1906,113,q4310673749072728,113
-8,Samuel,h88718058815036940,Godfrey,-9,"Flat 03B
Chelsea gateway, Port Ashleighside",239,DE04 0TZ,460664545873,c2757523519712413693,15,9,2018,1,q7100084332451786,1
-8,Carly,h20164811144080716,Hobbs,-7,"Flat 8
Stephanie gardens, South Jason",74,N3A 1JQ,660098896647,c6429630455205125751,9,7,1936,83,q8630105632151832,83
-8,Hayley,h50779095060235301,Morgan,-7,"Studio 1
Jeffrey gardens, West Patrickville",12,CF7 7BF,623970071545,c4507002225914014740,24,1,2010,9,q3186451062337614,9
-8,Andrew,h11728072643502644,Patel,2,"2 White hollow, Port Stewartstad",276,NP9 9GP,772280145302,c4446173442077520940,20,3,1908,111,q1031044348111101,111
1,Max,h36188655598605210,Edwards,-7,"Flat 44F
Carole locks, South Christinechester",136,S0T 6NG,115529956018,c4194265527270004492,26,9,1976,43,q3447896141376863,43
-8,Judith,h92695451623881107,Jones,2,"Studio 9
Arnold courts, Lake Andrea",626,RG2X 9HB,128456734417,c2155238587071245602,14,11,1927,92,q7426190574122896,92
1,Julian,h98037732123722820,Barlow,1,"6 Beth trail, Morrisburgh",604,BD3R 1EX,206713928843,c9001755861558360492,11,11,1983,36,q4723328182301049,36
-8,Georgina,h60156697447095951,Fletcher,-9,"Studio 9
Margaret view, West Tony",608,BA6V 8YZ,825625832466,c4002121845187039882,15,3,1940,79,q9039579242209750,79
-8,Stanley,h14347928401052968,Heath,1,"6 Jane station, Marianfort",780,E8 0RF,690152456317,c4261113664048871852,1,11,1913,106,q5020420426189110,106
-8,Maurice,h45227815827131414,Carter,2,"126 Smith neck, East Rachaelville",233,AB04 5BW,536939632065,c2684405863300626882,23,11,1906,113,q6676646605353032,113
1,Iain,h19517026025356058,Harrison,1,"91 Donna falls, Lake Jasontown",152,DN0 1WY,974281646443,c3106594376999379553,7,5,1917,102,q6720692739928102,102
1,Gordon,h47713100658757856,Day,1,"986 Joe circles, Hughesbury",231,B2 4BL,849193173934,c6783444506303286260,20,3,2015,4,q3038252818124548,4
1,Ben,h65520559508283142,Hall,1,"Flat 1
Jeffrey ways, Smithstad",162,N78 8BY,748442149639,c1090012928171683306,4,5,1962,57,q8266259211979913,57
-8,Barbara,h78819956852474139,Fitzgerald,-7,"Flat 70C
Mandy ridge, Guyview",484,W36 7FS,934991192004,c8531638090606970277,29,6,1980,39,q5505079117575054,39
1,Joanne,h69581638263481583,Freeman,1,"449 Pearson grove, Duncanland",404,CR52 0QR,976811293688,c4914378223283212368,15,11,1926,93,q3114224004419649,93
-8,Harriet,h76057507550870675,Jones,1,"822 Mark forest, Briggsberg",373,RM4 5NX,122530509545,c6766629526371827460,15,11,2007,12,q3133569862873193,12
-8,Vincent,h37237042422297181,Kent,-9,"18 Rachael tunnel, West Garryland",376,N1G 5XD,972891927256,c6880857760398656093,16,1,1988,31,q1360472869590732,31
1,Rachael,h49838446131568990,Nelson,2,"Studio 3
Nathan orchard, South Lucyside",504,SL1W 3XS,47429175368,c7590015997100782733,19,5,1989,30,q5164492327000650,30
1,Francis,h14494944291768987,Robertson,2,"Flat 33x
Nathan ville, West Sianside",232,GL0 1RX,762871850104,c3372264065092694236,12,6,1912,107,q8307019889844360,107
-8,Gemma,h25862677512472526,Smith,-7,"Flat 79X
Glen avenue, South Juneport",478,E22 5XA,747192169701,c3534843943315341975,1,12,1928,91,q1897421079004220,91
1,Jason,h33826856711805515,Brown,-9,"Studio 8
Mitchell garden, North Nicola",480,WN2 4GH,424175038996,c5396548007251596804,2,11,1975,44,q8054139794214768,44
1,Clifford,h32675470594548465,Cooper,-7,"705 Amy viaduct, Ballberg",258,IP7 8DQ,279638635083,c8980255836774438608,3,6,1986,33,q3769757298634737,33
-8,Irene,h21290517572901907,Robson,-7,"4 Wright hill, Port Abdul",70,W87 1RY,819726562192,c1913120982640740621,25,6,1921,98,q5066731800503577,98
1,Alexandra,h37783946686737516,Graham,-9,"Studio 94I
Fox crossing, Port Pauline",659,N87 4BE,735210507154,c8087370116827611258,17,9,2006,13,q6616274430768193,13
1,Lynn,h76760302745141590,Goodwin,-7,"202 Mohammed crescent, Wilsonbury",324,KY8N 3TH,770520790618,c8442866871058665528,18,8,1924,95,q5635106580544294,95
1,Ashley,h86539228547218000,Parsons,-7,"Studio 43
Williams stream, North Bethanshire",304,M20 2SG,524169754538,c4867760784178273646,13,10,1986,33,q8499448435360180,33
1,Ashley,h73525393256025282,Morris,2,"Studio 56a
Valerie roads, Mossshire",466,EN7N 7GB,411347064780,c7584350540213186593,23,12,1968,51,q6195312793076461,51
-8,Laura,h87754258867824943,Clarke,1,"Flat 76
Hilary ridge, East Lesliefort",984,M3G 1UD,69943546806,c9045602677838464619,18,4,1910,109,q2339635169929082,109
1,Abigail,h39902763566645798,Carr,-9,"Flat 5
Marion mission, Mosshaven",232,M3H 5FD,726431671954,c2596247472995980749,17,5,1935,84,q1178712729141311,84
-8,Stewart,h40969388366664589,Peacock,-9,"Studio 6
Doherty overpass, Georginaview",788,CR0P 9NT,800370916082,c3568678505131873885,29,8,2005,14,q9371052011169044,14
-8,Sophie,h13281586647573330,Shepherd,-9,"Flat 63l
Lynne path, Allanmouth",586,TW6B 7WT,287656479639,c1016334013371312355,17,6,1960,59,q6479783979579590,59
1,Keith,h79992839267269548,Gregory,-7,"Flat 19
Martin forges, Neiltown",242,IP44 5YJ,40335113289,c3659028582162630866,31,5,1967,52,q8495473707591428,52
-8,Beverley,h10071333152994938,Goodwin,2,"4 Dennis dam, East Danielport",788,W08 3UL,25119669193,c2799842356264575091,13,3,2008,11,q2501999682007346,11
-8,Clive,h65006937274350413,Nelson,1,"9 Scott vista, East Denismouth",591,BT6 4XY,196192189516,c5722922345428108994,25,12,1972,47,q3853562765689095,47
-8,Kirsty,h37135089655045813,Hanson,2,"Flat 76e
Tony plain, North Tomhaven",702,KY3P 0JZ,549364325479,c6005858897724287658,22,12,1974,45,q7188809292589779,45
1,Lynn,h49315834629923255,Townsend,-9,"Flat 98
Rebecca summit, East Barbara",850,SE86 3FH,663711293066,c5522150897127277737,14,9,1931,88,q4102089094289057,88
-8,Lisa,h99717111259459462,Evans,1,"5 White square, Port Chelsea",44,N7J 7HS,809847106799,c4825905177099674212,18,8,1954,65,q4222156946464907,65
-8,Mohammed,h81707847644513225,Farmer,-9,"873 Warren green, West Garry",972,W0C 5RP,763490968561,c7965951644665314097,15,1,2012,7,q9649448372727996,7
1,Mary,h20913074222801590,Read,-9,"Flat 6
Jake burgs, Lake Garystad",925,TR4H 6PD,6050097878,c5674572784163399701,25,5,2003,16,q3919019721664485,16
-8,Clifford,h19963274356031959,Morton,2,"Studio 00
Mahmood spurs, Port Kieranmouth",404,W67 6NX,484262559284,c6094258037658542876,4,1,2019,0,q3691883266046711,0
1,Arthur,h79654640819946838,Burton,-7,"Studio 1
Gibson villages, Port Henryfurt",242,E2 2BL,171679358261,c9200378379823875370,17,5,2017,2,q4272012975921400,2
-8,Steven,h25626707868365306,Lewis,-9,"8 Pickering parks, Aimeemouth",818,CM08 1DT,689282831359,c5376580225860956349,15,7,2012,7,q7635508876806454,7
1,Kenneth,h94611620873944348,Doyle,-9,"Flat 19g
Kathryn estate, Youngfurt",705,W80 3GJ,635780018450,c5563132774086884326,12,3,1961,58,q8466882535349452,58
-8,Lee,h56043857461385644,Jennings,-7,"Studio 37
Lewis burg, Carolynbury",580,BR7N 5BG,810823446351,c1373619087935839065,3,6,1930,89,q6737284757419331,89
-8,Raymond,h11591833332629004,Phillips,-9,"Flat 15
Holly mission, Smithburgh",831,FY7 2ET,707552138094,c2071935947791770685,1,11,1957,62,q3154657110156808,62
1,Lynne,h87923604778011966,Tucker,-7,"28 Dobson ways, Scotttown",275,WA6Y 7XW,940335269354,c9103037994919227416,20,4,2003,16,q5927589211338400,16
-8,Andrew,h53609288514357058,Johnson,-7,"Studio 59
Kathleen light, New Ameliaview",598,SM0 4WS,295746821997,c2279478861131712298,17,11,2018,1,q2314471088634206,1
-8,Jay,h47203272086379801,Davis,2,"Flat 72P
Irene track, Lake Jane",178,S42 2GF,116957323532,c7448334523135222061,11,8,1976,43,q8495873997079426,43
1,Abdul,h76205517552872277,Young,-7,"9 Marsh ramp, Fletcherside",520,IP8E 6RR,850152693203,c7420450865361203695,17,6,1934,85,q5732226997193668,85
1,Keith,h73679448521418379,Dickinson,1,"Studio 73
Ball lock, Bevanfurt",578,CT37 6RA,156422506494,c6131261647070117957,29,9,1956,63,q9755590367001555,63
-8,Terry,h41999111826200493,Scott,-7,"Studio 3
Pugh plaza, North Malcolm",20,N3 6FS,525944072769,c6949762176051854780,16,3,1982,37,q2110380066021399,37
-8,Alex,h24659962607264519,Farmer,-7,"Studio 3
Nicholas corner, Brownfort",270,N0 1YS,785571701698,c8520499385756446294,30,7,2010,9,q3564483750344528,9
-8,Patrick,h34666565501549369,Taylor,-9,"Studio 36
Brown ways, Carrland",136,N4F 7ZH,854743047365,c6559761358648838189,14,9,1944,75,q2112015855680196,75
-8,Alex,h82538938696922891,Brennan,2,"225 Johnson key, Port Stacey",0,B8H 8QX,844838525085,c2463120751131300511,25,8,1966,53,q3727934810969349,53
-8,Leon,h32875057076440300,Abbott,2,"61 Jones island, Charliefurt",90,L2 5ZN,825998440993,c3533644550222493586,14,3,1985,34,q3680787482352647,34
-8,Valerie,h54975460222559785,Dale,2,"22 Richardson drive, New Adrian",832,HX96 8DR,609758005482,c2325175761261956712,5,10,1945,74,q5499194788179417,74
1,Nigel,h75467288191054764,Cooke,-7,"Studio 1
Jack landing, New Douglas",492,M78 4QB,694218769300,c5649836516045925218,17,7,1979,40,q5635334291856035,40
1,Natasha,h48385982513126164,Ryan,1,"Studio 18
Shaw burg, Mohammadview",704,M8 2HZ,872614131996,c7337967680306863484,6,9,1998,21,q5601197490593340,21
-8,Anthony,h28977372579663849,Stokes,1,"216 Josephine spring, Gemmaview",772,CR51 3BS,340445022792,c2477245990228735555,1,7,1969,50,q2392446780750823,50
1,Suzanne,h85675305379328626,Taylor,1,"Flat 11
Lee prairie, Lake Rita",705,HP3 3DB,555345453367,c6973506723310946393,23,7,1944,75,q8625105571122252,75
1,Dominic,h61186351159703895,Iqbal,-7,"Studio 0
Lawrence river, Port Janetshire",474,N79 5ZB,147050503055,c4559668105334724889,29,5,1971,48,q7636802681710577,48
-8,Louise,h70891671017441921,Whittaker,2,"Flat 9
Steven fort, North Lawrenceport",516,KT5 5DA,172700614091,c1971295489893502866,19,4,1951,68,q6388155426721426,68
-8,Clive,h22550589546098127,Lawrence,-7,"43 Sean throughway, Janiceport",570,M9K 1HA,13657635862,c5613656973364736062,14,7,1977,42,q5060700316647724,42
-8,Alexander,h47379236143273523,Butcher,-7,"Studio 8
Singh rapids, Lake Rachael",16,TF4 8BU,244652083857,c8105288020784385552,1,9,1917,102,q9742366697672080,102
1,Raymond,h90389851469526038,Thomas,2,"Flat 90K
William drive, East Jonathan",612,CM0 2EX,266574137232,c3885111966533405387,1,8,2008,11,q6223293014293672,11
-8,Darren,h35417158897229057,Hardy,-7,"Flat 90u
King heights, East Glenn",320,IV45 7HQ,240276732597,c5286272788083292982,29,11,1983,36,q8257999937381420,36
-8,Lynda,h66026703522405141,Singh,1,"029 Francis fords, South Katiechester",991,WS4 9EG,871274044469,c1890419903648729622,16,8,1967,52,q2014903965486435,52
-8,Allan,h25791031379013946,Jones,2,"09 Ryan court, Marcusmouth",404,IG51 2LE,958178166302,c6880881607376679262,15,2,1960,59,q2405066008583019,59
-8,Vanessa,h40151144824804247,Reynolds,1,"9 Alexander circle, Darrenland",682,IP4 7GF,318058400934,c7576615727601930378,28,4,1986,33,q4390764134717648,33
-8,Carl,h17695203345367064,Graham,1,"458 Hall key, Heathside",398,M1 0SU,908327238368,c8729430181101187725,26,2,1904,115,q3359257951853006,115
-8,Alan,h69801282288665542,Clarke,1,"Flat 73
Wood springs, Robinsonside",162,SK9H 7PR,546693749111,c1845920837775525147,30,7,1945,74,q6218701670726877,74
1,Kate,h48022825242299062,Perry,2,"Studio 65r
Brian crest, Sarashire",344,M6K 8AF,638341781520,c4031927473150589587,31,1,1957,62,q9128192882440913,62
1,Jemma,h48235910800807787,Walsh,1,"Flat 12
Jones cape, Port Ianfort",500,W2 5LD,561428663246,c1717690886080961801,29,10,1935,84,q3393042234841916,84
1,Jasmine,h45351973852724418,Lamb,2,"Flat 51
Kennedy circles, Smithmouth",674,B60 3JL,723110793368,c4152669758342140429,13,5,1961,58,q3066260554126891,58
-8,Martin,h32119273068644156,Johnson,-9,"662 Young shoal, Kathleentown",52,IP90 4RS,61535890549,c7677841724405021490,4,11,2016,3,q6734025423096899,3
-8,Bethan,h44288971352313034,Dunn,1,"Flat 6
Nixon junction, Valeriebury",166,M2W 6ZS,305315393608,c3371928140967701757,6,2,2016,3,q1727474656199954,3
-8,Margaret,h75511073953511124,Sykes,1,"Studio 0
Diane islands, Tuckerside",428,B6 8RY,787183786661,c8483709965246597687,10,1,1962,57,q7723726975969433,57
1,Reece,h44172643520492662,Hewitt,2,"086 Shah wall, Anthonyburgh",438,NE27 3RT,987668335092,c8692461941229423964,20,8,1924,95,q1831607198036002,95
1,Mohammed,h79836656828243322,Moss,2,"Flat 57T
Leanne point, Huntertown",666,CF6 5HP,959889520735,c8405909729273828126,11,8,1935,84,q9679048333926518,84
1,Sophie,h87638694002596970,Andrews,-7,"32 Blake extensions, West Emma",772,L7 6FB,871052129755,c4292164221559398729,29,3,1954,65,q9397332787343854,65
1,Danielle,h14472049225507219,Phillips,-7,"630 Shane falls, New Kimtown",158,E6K 2UZ,610452836832,c2823263008000559630,27,7,2007,12,q3562358905487700,12
1,Michael,h87645548534731894,Cole,1,"52 Carter views, New Clifford",702,W5G 5ZE,721540524617,c4327720388463452262,17,5,1978,41,q9446180766921538,41
1,Caroline,h71252882849570675,Bradshaw,1,"Flat 06
Baker ville, Fitzgeraldstad",951,NG2R 4LD,135445361846,c3021696824608211777,1,2,2011,8,q1036386661308260,8
-8,Carl,h58634415968403021,Hamilton,2,"09 Cook brook, Jemmashire",132,B4F 6QL,68356961886,c8406978126291295205,10,7,1961,58,q3625013495436218,58
1,Stephanie,h18697768694468159,Davey,1,"Studio 32
Carroll bridge, South Charlotte",764,B2 5EQ,693896229415,c4613804521833614315,25,9,2018,1,q8853411472437282,1
-8,Kirsty,h37820048364994321,Payne,-9,"5 Tom trace, West Gailmouth",56,M84 3YB,133807585598,c7086232491714653771,12,12,1919,100,q5144882088058999,100
-8,Thomas,h24018510104212133,Shaw,2,"074 Bird ranch, Kimberleyside",266,BR4V 1JZ,445608754671,c1825119215214198890,10,10,1929,90,q8210561005005990,90
-8,Megan,h27576615514891829,Humphries,-9,"333 Bryan corner, Josephinestad",663,M2 9QN,724271397298,c1779870298613577891,21,2,1905,114,q7658190823204174,114
1,Charles,h12089640072385221,Lamb,-9,"889 Glenn well, West Gail",334,HU0 3GJ,719658912131,c8204833839209399121,12,8,1979,40,q1103776255702891,40
-8,Tony,h60099432995085521,Stevens,-9,"Studio 48v
Johnson hollow, Lake Jaystad",218,NP0 5BD,668671608217,c7892657368588447566,8,2,1944,75,q6778635766173169,75
1,Deborah,h81213383733207782,Kemp,1,"0 Atkinson brooks, South Mathew",612,DY5E 7FA,387627055663,c8491115062341823811,11,6,1963,56,q1217894827332563,56
-8,Jeffrey,h56922475044435093,Birch,1,"07 Sean point, Parkinburgh",985,FY04 7GX,869005966640,c7818848193510880806,1,11,1930,89,q2431659123864713,89
1,Katherine,h90669645871338090,Wall,-7,"Flat 1
Martin flats, Lake Ericberg",104,M27 7QR,918044221055,c8876952590889253438,26,6,1926,93,q3308494846791597,93
-8,Margaret,h47929560271523342,Wade,-9,"40 Lee isle, Annaton",454,B6 8ZX,650820292174,c4777545955965564124,9,3,1955,64,q7211558840347130,64
-8,Mohammad,h39700428088705892,Andrews,-9,"Flat 4
Christine mall, South Aimeetown",703,PE6Y 0UT,102591119411,c4627619553069985241,8,3,1944,75,q4495111580905562,75
-8,Amy,h34328857207782769,Young,1,"49 Nathan drive, West Lorraine",608,SS00 9ZD,557568974741,c1776045825289674185,11,10,1982,37,q4315464221070544,37
1,Julie,h68300444711524133,Robinson,-7,"02 Mary village, Collinsstad",364,EH2 6TQ,51080722207,c7301501539783171671,23,1,2005,14,q8788035514940299,14
-8,Charlotte,h34529107611623687,Lowe,-7,"01 Hooper ford, New Naomi",798,W5 8HX,261737159466,c2100788173904515734,8,3,1972,47,q2457348857137206,47
1,Michelle,h21778073024108104,Murray,-9,"7 Martin island, Port Janefurt",140,M8B 7TZ,286421804348,c4116490629916708517,1,3,1948,71,q7123159924293828,71
1,Mathew,h32391751746169002,Mills,-7,"Flat 06
Carole court, West Ritaburgh",901,SY8 3BA,686594989860,c2146329832954684273,31,1,1993,26,q6886919490376668,26
1,Ruth,h15657710104056324,Mistry,2,"01 Coleman extension, Rogersfurt",887,IG0A 1GB,976389324557,c1391236766444325585,22,1,2011,8,q6770036444837543,8
-8,Molly,h50498400823872191,Phillips,-7,"99 Wilson points, Georgiaport",356,DY5A 9XB,447746004193,c6605274025585649397,2,10,1969,50,q4497819175959109,50
1,Suzanne,h72109757006278674,Webb,-9,"311 Harding divide, Bethanfort",214,CO3 1RE,173042680899,c3048523416934039875,29,4,1921,98,q2037561032749791,98
1,Terence,h52736794578798050,Davies,-9,"Studio 55Q
Stokes islands, Rebeccahaven",408,WR75 8WP,960400629154,c6593540218256569082,26,11,1952,67,q7042097750640557,67
1,Bernard,h91678028186832554,Birch,-9,"Studio 52U
William stream, Colliertown",332,PH5 7BN,464214595096,c2328776579187007263,26,7,1966,53,q6839999064288576,53
1,Norman,h89415676344635480,Carter,2,"Flat 68R
Clive road, Lucystad",84,SS9X 8HR,872552524383,c3189579235542734182,15,2,1977,42,q5098204028929488,42
1,Graham,h43720060785961251,Miller,-9,"Studio 2
Deborah stream, North Clivestad",28,L8 0LR,76670487105,c8265310752180818509,18,6,1910,109,q3709313220759195,109
1,George,h32767385576695762,Watts,-7,"Studio 45
Wayne keys, Billymouth",586,N3D 1ZZ,376775004816,c5658456631133325837,28,3,1966,53,q8652188967299581,53
1,Ben,h27576615514891829,Hall,2,"Flat 4
Murray junction, West Elizabeth",262,E1 4WL,559132166909,c8494062824078242900,29,6,1977,42,q7658190823204174,42
-8,Joe,h16534187250258010,Watkins,-9,"08 Harvey springs, Austinmouth",304,S4 6SF,665530093254,c9144792283134735769,22,4,1993,26,q5831137027157932,26
-8,Elaine,h99053121124955464,Quinn,-9,"Flat 25e
William coves, West Katherine",470,TD0M 1WN,679925642011,c4226639121616695857,18,10,1970,49,q9173095377382152,49
-8,Megan,h90190660001186221,White,1,"93 Craig summit, North Colin",780,PA97 2NE,767526473395,c8381925545369772021,21,4,1952,67,q4417405288165876,67
1,Charles,h48991820375821731,Saunders,-7,"09 Lewis trail, South Wendyfort",270,M5T 1YP,446765614209,c1429611336749135070,24,10,1928,91,q1586131504863495,91
1,Leigh,h11497042956671394,Newton,-9,"0 Andrea circle, Thomashaven",973,S17 3AX,438428721739,c6270644186126989924,2,8,1980,39,q3825781715611931,39
1,Leah,h40607582786662604,Mason,2,"9 Bates station, New Stewartborough",250,TF31 0FR,539587797982,c4006747915740366487,22,7,1931,88,q9435418084930463,88
1,Richard,h71259264486843942,Bennett,-7,"Flat 63
Norman fields, Reedshire",834,LU8 8PQ,740717371791,c3999819461039456139,4,4,1939,80,q4387036528471529,80
1,Geraldine,h66190108196336868,Johnson,1,"Studio 5
Mann estate, Meganport",528,G3T 0BS,36655879350,c8595003950898355685,6,12,2006,13,q3052617631205608,13
1,Carol,h15864861323726817,Riley,-7,"Studio 7
Reece ferry, Sandersonmouth",702,B9H 6QT,249844346933,c5849377474582991516,12,8,1949,70,q1533353730742980,70
-8,Christine,h87763527423152666,Bailey,-7,"Studio 46F
Bernard brooks, New Louise",760,M52 9HU,389236895908,c4691650828084555456,15,10,1905,114,q2859371100963539,114
-8,Albert,h24598468905974920,Watson,-7,"Studio 9
Bruce via, Harrisonchester",496,NN8M 9XU,91435356952,c3440189343203701564,9,10,2017,2,q8171171677495892,2
1,Toby,h12478533886414014,Holmes,2,"Studio 5
Woodward path, South Barry",178,L99 1FP,814348117500,c3902202073669990672,10,3,1976,43,q2191189235523851,43
-8,Tony,h56135363723849369,Warner,-7,"Studio 1
Bruce flats, Humphreysbury",40,RG85 2FU,590199274758,c6123695059646412022,13,9,1961,58,q5830583586434108,58
-8,Jane,h70906647131931471,Harrison,2,"672 Green junction, Wilsonbury",663,M31 8NH,457195069805,c1123572408751018222,9,3,1961,58,q1354356437423128,58
1,James,h59905895608932343,Edwards,-7,"3 Suzanne creek, Philipfort",276,W7 1JY,194225815047,c2579609550623242773,21,8,2007,12,q9492115597718537,12
1,Bryan,h59890709859369030,Browne,-9,"687 Keith flat, Geoffreychester",630,EC5M 1RS,877203259081,c7134923098618823288,23,4,1941,78,q2544692239543480,78
-8,Trevor,h78337120168811717,Palmer,-7,"7 Barry estate, Lake Brenda",659,WV5X 1RN,32428251029,c7730720281655938539,18,4,1995,24,q8438051514711374,24
-8,Ronald,h83517849155930979,Johnson,1,"Studio 10b
Simmons lake, Port Carolton",626,BH7 7LY,988553471923,c8349517386784242001,14,3,1947,72,q5493801456453246,72
-8,Beth,h22284190233874402,Hobbs,1,"074 Louise well, Lowefort",233,E60 2EQ,950775652631,c6586009867283691612,23,2,1910,109,q6946397430122677,109
-8,Rachael,h27150496220619690,Jackson,-9,"Flat 74p
Stephenson island, Royville",620,S3 5XW,245318501498,c5068931734519080838,8,6,1918,101,q5102624248776286,101
-8,Jeremy,h53148649910899897,Smith,2,"Flat 37
Maureen isle, Lake Sharonmouth",50,W7 8GJ,849035646463,c7258195331761018799,14,3,1951,68,q2848328188950430,68
-8,Ruth,h10756159367754306,Williams,1,"Flat 89G
Keith parkway, Quinntown",792,L0 5YW,940150725996,c4239075212427231277,18,3,1936,83,q7599636569845965,83
-8,Mandy,h46138449799284284,Foster,2,"36 Maurice estate, South Gillianbury",144,BH3N 1DF,645521638972,c5921547364144654074,17,11,1931,88,q8191011748729354,88
-8,Nicole,h30070031045045468,Lowe,2,"Flat 00
Chapman curve, East Dorothy",985,G2K 3DH,870470441973,c3300472068276726532,17,2,2006,13,q4266009463674858,13
1,Cheryl,h79453917372387747,Begum,-9,"Studio 00b
Kieran village, Bradleyshire",876,HX7A 7PN,686752127733,c2743447612795496185,5,4,1970,49,q1208646669339159,49
-8,Mathew,h35546141403984346,Webb,-7,"Studio 2
Hugh mountain, North Ruthhaven",922,SN6 1GN,555852474560,c8774394412810947220,11,12,1907,112,q9254290883450798,112
1,Owen,h39594891235493561,Blackburn,1,"03 Hall throughway, Lucybury",334,EX1 9NH,32282134649,c3290117086985320898,8,4,1979,40,q8915324575121215,40
-8,Shannon,h36188655598605210,Holmes,-7,"06 Wright court, Chapmanburgh",203,G65 4QE,533025481408,c8150769855271888646,16,8,1923,96,q3447896141376863,96
1,Samuel,h66243024084386298,Bryant,-7,"Studio 64q
Paul grove, Lake Darrenstad",414,S7J 7UH,770418289444,c3032729404575790344,15,8,1964,55,q2389441833762084,55
1,Josephine,h86780622643610760,Stevens,-7,"Flat 53b
Marian burgs, Wrightville",732,S27 7AZ,230904988122,c1554252616057304942,8,5,1912,107,q7479636704158463,107
1,Eileen,h70491812610262498,Fisher,-9,"Studio 1
Brown lights, East Joshuastad",292,E25 9AH,932635293170,c4033891298917672892,7,6,1911,108,q5444866599290056,108
-8,Andrew,h92456265642485576,Hyde,-7,"09 Nicholas mission, South Christine",72,M08 4RU,528175512392,c6041274458082252108,16,4,1918,101,q9226091406145732,101
-8,Tony,h57523682077481304,Macdonald,1,"83 Smith shoal, Mariabury",336,UB9V 3FX,636918681128,c5474856444477103785,8,12,1947,72,q2870921588116517,72
-8,Sean,h94611620873944348,Roberts,2,"324 Hughes inlet, Jeanborough",258,DD9A 4DG,335132328058,c9133880291335724015,18,3,2015,4,q8466882535349452,4
1,Stanley,h22672175562447184,Smith,2,"Flat 1
McCarthy point, Eileenton",984,BA23 5AB,355721104573,c7549165729995256779,15,6,1933,86,q4295975467738904,86
-8,Kieran,h69675736734558657,Ferguson,2,"Studio 6
Sanders mountains, East Sally",364,S22 9LG,818675524154,c6456557880501964459,1,7,1952,67,q9275542096810403,67
-8,Susan,h25810133726482449,Riley,1,"Studio 31
Frances club, West Christopherport",372,G92 2FY,164242680556,c7669170118699241434,26,10,1905,114,q7237101073445930,114
-8,Alex,h30276766243763672,Jones,-9,"2 Foster crest, Andreabury",148,BT0 5HG,931953244646,c1096147936547222177,25,11,1905,114,q3985713083748931,114
-8,Bernard,h93694309167798277,Arnold,-7,"37 Andrews lights, Lake Duncanport",986,EH4X 9UJ,250170240784,c7513814956487163329,13,4,1974,45,q8688407683706210,45
-8,Nicola,h32882988798891360,Smith,-7,"2 Jake summit, Victorbury",180,L4H 2SF,528089440239,c2232156362021941498,20,6,1994,25,q9540412660866601,25
1,Jack,h74942672524861145,Brown,1,"Studio 0
West stream, Lake Donald",180,G2 4BW,731108692964,c4999973088279091583,20,3,2014,5,q1634324976534918,5
-8,Lydia,h67695656312787433,Abbott,1,"071 Rachael garden, New Danielle",987,N20 3FG,619505725715,c2739840539792886764,7,12,1951,68,q6600228747534043,68
-8,Alex,h18176852666252159,Baldwin,-9,"273 Brooks motorway, New Jillside",336,LA5B 9JR,124878757247,c2670425184986993417,25,5,1915,104,q9332652371901856,104
-8,Sophie,h71226466690718006,Sims,-9,"786 Turner neck, South Lynnton",212,RH8B 0NH,502692779337,c5130531811766285699,25,6,1932,87,q2450558037218942,87
-8,Linda,h18176852666252159,Hunter,-9,"Studio 78x
Kenneth freeway, New Peterton",276,LE68 7RQ,646635274349,c8179417528833069535,17,9,1996,23,q9332652371901856,23
-8,Bethan,h64749216592605729,Hanson,-9,"Studio 41
Russell forks, New Rickyton",68,TS35 5FW,495055637113,c7937174468254878411,9,5,1923,96,q7053307382494138,96
-8,Diane,h67964339057261723,Roberts,-9,"Studio 37m
Joshua forge, Mollyfurt",580,M8D 2AT,205881331052,c6344342871871564870,7,10,1969,50,q7439096517531059,50
1,Ellie,h57895097507814049,Allen,-9,"Flat 9
Begum brook, Peacockmouth",643,TR2N 4DL,726875298020,c5601098164271022053,21,4,1955,64,q2808174877982009,64
