CE_Address,CE_Address_Postcode,CE_ID,CE_OA,CE_UPRN,Nature_Of_Establishment,Number_Of_Residents
"188 Davis trace, Dianaport",CB5 8NN,39786976773705373,E00135726,299732946494,2,15
"719 James lock, East Rachelmouth",B1 7GD,23993548532659906,E00135650,958596103148,-7,39
"77 Simpson turnpike, South Paula",EN1 5PW,86847764648124195,E00152558,860427293772,21,19
"Flat 18A
Jodie avenue, East Dannytown",GY96 7RU,35596870413059548,E00135580,540000208768,5,11
"641 Sylvia ferry, Port Damienland",CF8Y 3LE,68059516400707694,E00120140,108062181854,20,15
"Flat 21
Whittaker lock, Billybury",E06 1UD,89595933946373450,E00142178,326102466453,2,24
"75 Barnett divide, East Normanhaven",E87 2SE,76498062526100994,E00165426,736586351864,1,15
"64 Allen mount, Cookside",TN8P 0NW,83876671948679260,E00169671,502542288173,16,11
"497 Grace route, Port Mohammed",B8U 3BN,68003875020122848,E00171432,60745358597,12,6
"71 Clark spring, South Abigailmouth",RM8 4SJ,43166406617557876,E00153526,272585348765,8,20
"3 Harrison estate, Simpsonview",L25 9HR,80069435233168499,E00120004,850008632929,11,31
"Studio 4
Geoffrey estates, Smithfort",GU88 8GS,25307929538701117,E00164588,157572320028,18,21
"90 Sarah lodge, Vaughanchester",S2T 6QX,48364354984409058,E00171585,142989354757,14,10
"Flat 0
Hunt spring, Jackburgh",E7 8US,37471692597540690,E00119817,300813637098,21,19
"274 Stanley crescent, Lydiamouth",G4 9BH,56159979511904989,E00135759,396865305310,-9,49
"1 Jones lakes, Port Hayleyburgh",B16 1YU,47246007616128179,E00164378,162618334564,5,16
"Flat 16
Carolyn springs, East Bryanshire",N93 4FS,79656147418637333,E00119860,653434855900,12,29
"34 Michael brooks, North Robin",HD3 2UT,67340934163774848,E00037144,857918896229,22,10
"6 Joel meadow, Fieldview",B1K 3RW,79337505106087689,E00152666,622424400784,2,38
"Studio 99y
Allen forest, Port Paulside",WC9 6WG,69111556249918779,E00119822,683235306263,22,43
"19 Kirsty square, Woodhaven",S0 0PL,37359958509468981,E00135510,287832274479,22,34
"64 Pauline fort, North Wendy",IP0V 2NA,48770294664440846,E00135698,653346783006,7,10
"Studio 06u
Dawn circles, Peacockberg",L47 2TJ,94685929401472313,E00165649,29279191282,11,34
"0 Dennis summit, Charlenehaven",RH1 2PB,98459992204030182,E00153417,599153887648,21,24
"8 Francis walks, South Mitchell",G7 1PL,31763098002136574,E00165420,317059508192,21,33
"Studio 93C
Benson center, East Helenhaven",PL63 6PB,44602831601513059,E00135569,213096637226,19,10
"Studio 50
Jack garden, West Jameston",W8 7SZ,45065071390932049,E00120062,380305132557,15,24
"77 Jennifer square, Rickytown",KT0X 3XL,81012997056305986,E00135474,446100251296,20,43
"034 Kay points, Gemmastad",N5 9RU,97235532471969309,E00163913,424505495619,16,37
"318 Thomas row, Barryhaven",NP1 4JS,55683722892837281,E00135806,956036812435,1,15
"Flat 38
Gregory pine, Lake Georgechester",M8A 5LP,85935305834660570,E00171442,582894698819,6,44
"Studio 60
Daniels forest, Jadeview",G0 2DP,19003277403721208,E00164593,509796276408,8,6
"Flat 65
Hollie coves, West Staceyside",OL5 6YB,95862250167582910,E00135712,598713521128,11,36
"041 Powell river, North Georgina",SA6X 1SD,54827644487265207,E00164549,111304505232,-7,19
"Flat 8
Chambers extensions, Laurastad",TN3 3PL,92429661824594686,E00165347,787891026513,-7,35
"85 Yvonne wall, New Paulinehaven",S3 0JG,61630445985641240,E00165461,960971658845,12,21
"979 Sean circle, East Danny",G8B 4HR,40507364977235668,E00119817,489756704216,17,45
"5 Natalie canyon, Greenville",W3 8BH,45865748903297506,E00163911,682419521603,18,15
"Studio 06
Robson plains, Reynoldsview",B7A 3BR,39356454451114575,E00120107,142621210088,16,33
"0 Malcolm ford, North Leanneburgh",SE7V 3JT,93554280268934249,E00135623,155494768089,7,29
"Flat 1
Emma highway, East Andrewberg",N2 9XE,92584576889244690,E00119858,634456433904,7,13
"Flat 10g
Hughes ramp, Brayberg",SL1 2WZ,23523869154934848,E00135759,385271018662,-7,41
"7 Janet square, North Julianstad",W1 6PU,15200532011359114,E00135530,306196401789,17,28
"0 Marian trail, East Joanne",LU3Y 6ZU,60885742283033381,E00152513,535026630032,17,8
"8 Grace lights, New Vanessaville",GU53 4HD,17787004394574837,E00135724,91097352955,12,49
"80 Deborah harbor, Deniseton",DG29 5PA,77389650886726994,E00165501,338031890752,19,21
"Studio 3
Joan square, South Oliverport",L7 7ZG,92631582371757415,E00135776,687868990840,21,48
"Studio 4
Christopher heights, New Claire",B3 3HN,80610257285678409,E00135770,783760392941,18,42
"Flat 24S
Hugh branch, New Craigfort",W17 6GB,37849683974068380,E00152599,857882265422,9,43
"Flat 4
Grace extension, Lake Jaynefurt",S3 5TL,24438622028887569,E00037396,683984527269,20,47
"Flat 98
Knight oval, Thompsonhaven",S29 3PA,68666144295766295,E00163860,477656079648,8,31
"65 Bishop village, North Dianefort",E2 3JZ,44188052899489833,E00164589,653457492682,17,23
"Studio 8
Warner meadows, Williamsonshire",SW50 7SB,59590703655514723,E00164404,619460764762,16,49
"849 Douglas manors, East Kathleenview",IV7 5JR,59911305588451885,E00135695,772896893702,19,16
"77 Paul island, Tracyville",G96 8QY,60525163588925870,E00165644,997007614030,19,16
"Flat 98
Miah cape, Brettside",CB5B 1HN,52386166579144285,E00135651,53901509821,15,35
"766 Taylor trafficway, Leahfort",HG8Y 3FD,27226332844583653,E00037237,587925705302,2,24
"4 Williams ferry, Port Helentown",W6 3FY,71020336730439951,E00037301,471775309151,17,41
"0 Bethany fork, Buckleychester",L6 6HB,44336751157833756,E00142174,724076475448,20,33
"Studio 67V
Price ridge, Lake Derekview",G92 9QY,12499605423923347,E00135658,615326203259,7,19
"Flat 1
Lynne mill, Lake Abdulview",N08 2TJ,93173796610011288,E00135652,947999619088,-9,35
"49 Palmer hill, Port Suzanne",G67 0XD,43271101601493811,E00135771,660881507310,21,29
"Studio 95
Clark hill, East Mariefurt",L9 4UF,63087175630245821,E00120147,85498867180,19,19
"Flat 57
Jackson road, South Louis",IM7V 7DY,32253165699888619,E00164575,935374959903,22,42
"32 Gordon fords, Jacksonmouth",WV7N 6FW,29105049466946131,E00142121,768048440941,10,36
"Studio 41
Ashleigh overpass, Payneville",L34 6RD,91689198993009158,E00120002,856218795356,7,20
"154 Karl glens, Smithstad",NR8N 2DJ,57885801640199571,E00165645,41626705875,2,32
"Studio 59
Davis crossing, Jonesville",B7 7HN,52972677449884852,E00037198,790907120360,11,38
"Flat 19
Janet burgs, Louisechester",DE9 5NG,91762505506677008,E00165461,584928193964,1,31
"Studio 76w
Harris haven, Peterfort",M6A 8EL,72168252019986980,E00037142,269171953114,12,32
"Studio 44r
Rees meadows, Jillhaven",L3H 4ZH,53869304115439750,E00153524,326080302040,3,11
"Flat 27
Angela plains, Port Deborahmouth",L2S 2BQ,86913271422309313,E00169651,53632652009,14,29
"Flat 9
Anne tunnel, East Toby",HP9 0YH,83208731210389056,E00135588,202470313333,15,25
"4 Gregory spurs, Bethanyburgh",EN1H 4FH,73700667929602609,E00169853,193351683461,4,42
"838 Mandy station, New Melanieborough",M4G 1PS,34499438588616803,E00165447,776328149490,19,7
"1 Campbell locks, West Jordanport",PR7 4BF,97696697301700193,E00135785,718265761276,6,23
"Studio 56g
Stanley rapids, New Shirley",W9B 2WL,86367501018166082,E00153521,612820014785,11,8
"Studio 0
Harriet extensions, New Bernardfurt",ZE28 2BA,99181865440870196,E00171606,956637102435,10,12
"89 Kate land, South Margaret",S1S 3RB,32012280383684241,E00135763,65304190530,18,29
"Flat 27
Smith ford, Fryton",LA0H 5BD,92265754024090451,E00135571,79175790589,-7,49
"713 Roberts views, North Brenda",LL0P 4SL,68004205916938407,E00120107,218462544797,16,32
"Studio 55
Albert lights, Jackchester",LS52 0YZ,21721021325970633,E00164393,658258384545,5,41
"Studio 35t
Martin land, Frederickbury",L9W 1HA,24633453626622262,E00142059,269612323184,14,36
"3 Ellie street, East Pamela",CW06 5XL,48784546850552099,E00037194,422450509834,18,45
"90 Collins parkways, East Danielle",N57 9SR,68085717228063956,E00119842,914227588438,22,33
"Studio 09o
Gareth valley, Batesborough",NN3X 4QJ,58307730669878390,E00164385,217484620675,-7,14
"0 Alice passage, Humphreysside",G4 9NT,67701907949814195,E00037240,735276861655,1,9
"1 Bruce cliffs, Gilbertshire",B10 7TE,94642911695440735,E00120122,840189135016,10,36
"Flat 85e
Richardson oval, Janestad",M8S 0PA,81402391698342319,E00141250,885386570885,10,8
"125 Fletcher path, East Jordan",BS2 3NE,98261239134851035,E00142176,900659937498,-9,38
"43 Denis ford, Sarahville",WC38 3SG,81557419152996738,E00135527,683714238390,16,22
"59 Georgia point, New Chloeside",TR2V 2RJ,29623352312430175,E00165565,630173674053,3,46
"Studio 1
Jones lodge, New Lawrenceville",B69 7DR,59010262296156153,E00153638,545906012826,-7,6
"560 Edward knoll, New Frederick",BH73 9NR,86072267253463687,E00141218,128583381416,3,20
"Flat 5
Howells causeway, East Oliverburgh",DD3W 6JB,47082032970631978,E00152628,916251848699,19,19
"Flat 65
Helen roads, West Tracy",YO10 1YX,83425501323799708,E00165654,886163454535,14,12
"16 Singh green, East Vanessabury",M69 6GE,14175229883761661,E00152682,40913438568,19,41
"00 Alexander club, Fosterchester",SE6 8WL,60664592862657356,E00153428,511327778894,6,18
"Studio 84
Joanne lake, New Jonathanmouth",W18 7YU,18181575765781155,E00153392,547590775751,1,10
"62 Brandon mountains, Joshmouth",LN7W 2QG,44752581227953315,E00165415,898995662726,13,6
"Studio 72R
Malcolm wells, New Sam",WN73 4DF,59351431234532798,E00135750,64252339945,14,25
"259 Jonathan mill, Port Kayleighton",EC6X 2BH,44566683131739726,E00153568,702919991644,3,25
"Studio 86m
Field plains, Port Ritafurt",N7C 1PR,81826772317539731,E00135696,466162878235,22,16
"Flat 18F
Buckley islands, South Hollie",E33 2GQ,17221777427995947,E00174272,42279775692,9,21
"Studio 97K
Joan lodge, North Caroletown",HU49 4RY,61165031843774671,E00163963,274042029087,-9,12
"1 Cox pass, New Joshua",E4K 6JA,34205900769978511,E00037256,278111353424,12,48
"9 Donnelly stravenue, Karentown",LN71 0TD,60356958264680736,E00135719,522013011376,20,8
"87 Joan mountains, South Charliefurt",E60 9SF,89161980668732225,E00153429,484287660844,11,24
"902 Stanley mall, Lake Charlesville",E4H 4QY,66746915361484187,E00153463,651915599915,-7,34
"8 Michelle plaza, Taylorhaven",L63 9QZ,85132406424669937,E00165592,247005299174,1,18
"997 Angela springs, West Bethanyport",S27 4TZ,40871237474450056,E00135714,575530502094,19,28
"Studio 69
Terence station, South Abigailtown",W5W 4SU,26113545001185769,E00153474,543561357422,10,23
"041 Jones place, Wilkinsonborough",G09 2EB,23042349870841012,E00165591,335060506102,5,8
"Studio 2
Amanda mount, North Lydia",EX45 0JA,70381429796985481,E00135560,934069709952,13,20
"24 Bird walks, Lawsonland",CM7B 5EU,54515929690900437,E00164481,534306118732,17,23
"7 Price mill, New Toby",L9 9UW,57938212267339460,E00120038,933065764241,2,43
"897 Stevens junctions, South Tracy",M05 1DG,82700474026623358,E00037250,699412184888,8,28
"Studio 51
Gregory fort, Tomside",DH7 8AZ,33470344056761350,E00165511,293468038139,17,34
"131 Hill run, New Annaland",G59 1XE,12146544087381713,E00135507,22414935490,-9,11
"064 O'Brien corner, North Jayview",N12 5TN,37302047901527175,E00120058,638455078286,13,48
"Studio 83
Hughes terrace, Lake Nathan",B5 7AE,33091453405607451,E00119953,365838587294,-7,29
"Studio 02k
Alice brook, New Sallyport",L23 0HB,23055864569410757,E00165571,309929923528,4,6
"Studio 69
Powell crest, South Abigailtown",W6G 5RE,40207443211852667,E00171432,575083340749,1,34
"537 Hughes mill, Jadehaven",S8H 9FE,28464027792173823,E00153570,243361404653,9,16
"863 Alison island, South Chloefurt",PH0 2RB,90919150997674961,E00165648,929229199647,20,27
"9 Hughes river, Port Rogershire",WR8W 2LP,18461602298601941,E00120137,524113572627,8,27
"5 Brandon manor, Lake Bradleystad",N0H 9HL,77884011165718586,E00119957,522109275411,7,43
"Flat 20q
Singh island, West Scott",EN26 3LZ,26178723112021975,E00119901,819163051253,7,21
"Flat 9
Albert underpass, Clarkefurt",BR2H 5RB,32445109723602457,E00165347,748097949866,5,14
"Flat 85I
Baxter crossing, Lake Sandra",M32 7US,19212157375495942,E00164387,98292328362,8,36
"Flat 74
Vincent valley, Harrystad",B88 9UE,59503638860910655,E00153521,636517656316,17,36
"719 Simpson inlet, East Bethport",AL4Y 4LP,93907129471037212,E00172221,319834969775,3,8
"Studio 10q
Wright island, Leefort",S57 8DQ,24020708024442057,E00152654,366595624523,14,46
"Studio 1
Steven keys, Port Danielhaven",BR0 9LB,31135314339460662,E00135770,737257871692,7,45
"Flat 1
Alexander lodge, Bibishire",TF9A 4PQ,19686191575013549,E00164487,771640936128,8,47
"51 Denise square, New Lukechester",S08 5GR,66325316948391409,E00120058,225453528351,18,10
"5 Shepherd inlet, New Hilaryview",SS1E 8AH,95240840323114713,E00119874,437589052110,18,40
"77 Robinson lights, Stephenview",LU3 5GL,15816366325853683,E00135501,756544910953,-7,18
"646 Dylan ridge, Woodwardside",IP3B 0SN,65802891497061733,E00164552,330807124731,-9,49
"Studio 6
Clarke throughway, North Declanchester",M4 8GW,20444287861639639,E00135473,440874647933,16,7
"1 Albert turnpike, Denisehaven",E86 3NL,55015179403989614,E00135638,642401667468,-9,48
"Studio 8
Charlie green, Lake Nathantown",NW0M 6WG,15522342341996604,E00153524,477871881826,7,34
"0 Hardy dale, Lake Roy",DD41 5EA,58942953626874308,E00141213,504163805541,12,15
"Flat 87
Elizabeth coves, Davidsonbury",PE86 6PP,48538951965615168,E00037356,849549048450,4,13
"5 Sylvia valleys, North Joannehaven",S95 4TB,25227212107254876,E00165433,929800862304,19,11
"Flat 59I
Lorraine freeway, New Rosemarymouth",PO7M 9LD,45201556320985244,E00165577,385191345232,-9,21
"587 Glen hills, West James",B14 5LT,99097358743665070,E00037156,698525014390,2,40
"Studio 63
James port, Ashleighhaven",M4 0UW,40015299126001819,E00120030,793942191094,16,24
"934 Harris wells, Hargreavesside",HX3B 4ZG,54238602902218323,E00164536,265790172442,6,32
"2 Robert summit, East Adrian",L2 0QT,64868784734088181,E00164585,490536643702,13,22
"Studio 1
Eleanor divide, New Mariaville",KW3W 3RL,71059054900839997,E00037162,534973669471,14,7
"Studio 8
Gemma manors, North Deanmouth",SP3 5LN,81855092630496804,E00135407,153489337477,21,23
"064 Toby crossroad, Vincentshire",NG94 7XD,89106433510377463,E00120038,635678363583,8,39
"709 Green locks, New Margaretfort",W8 4AL,72288420987261107,E00120048,569465258002,8,15
"Flat 54Y
Evans run, Edwardsmouth",CR1A 8FT,58094486763405170,E00164476,91600697449,8,41
"Studio 10S
Ben mountains, Rickyfort",DE09 8HN,38219855428800439,E00165619,53871791258,22,45
"627 Catherine brooks, South Douglasbury",RG9 5YQ,57125285696467076,E00165658,550681478770,4,30
"1 Jacob ville, New Christinemouth",CV09 1LN,49805252037709915,E00120050,642853796361,19,7
"Studio 79O
Debra street, Lake Christianport",N65 9QS,53429587046865670,E00135566,788098223875,10,14
"Studio 4
Price keys, South Katy",IG7 6QB,19985124543186955,E00164620,924524137135,19,33
"266 Robinson green, Guyview",M6 1BH,83482258770162391,E00153411,690638382527,14,17
"Studio 12
Louis ferry, Whiteheadberg",L2T 5TG,87934339568340588,E00120090,732175760667,10,15
"Flat 8
Davis mall, Lake Natasha",N6W 6PQ,20047360211722443,E00135715,555768677498,12,39
"861 Rogers knolls, Samanthaburgh",BB68 8BX,79010957605238924,E00141260,224244274852,19,7
"Flat 9
Turner ports, Kayleighburgh",TQ80 9QS,33549501225937258,E00135571,351853113336,11,15
"Studio 65
Stanley unions, Lake Alexandraburgh",DD08 2WE,96042452889136186,E00165358,271503656522,16,16
"44 Kirsty rapids, Iainburgh",TF2 2GS,44849405550512221,E00165424,847461804217,1,15
"Studio 28g
Davey meadows, New Mollyfort",G3 2AW,22182217437326563,E00037158,356756109152,17,36
"82 Watson plaza, Wilsonfurt",B0 9BT,93475451276624791,E00153393,129558624119,20,45
"Flat 5
Barnes drive, South Leighport",B7S 6BG,39952934496251865,E00152535,688117945566,1,30
"437 Evans hills, Aimeeport",WD52 8AG,88646326345776398,E00173923,559116253262,15,25
"932 Field wall, Lake Nigel",EH73 2HP,58477382238943665,E00164556,625697407007,6,40
"26 Shirley spur, Kellyland",SA7B 5XG,55940388612084082,E00120049,139403595308,18,13
"2 Wendy corners, New Janice",W3 2HF,82329154451885532,E00135576,969585165167,9,45
"Studio 5
Adrian squares, Port Brandonmouth",KT89 5EF,25043046955549227,E00164390,898032453400,18,34
"Studio 52
Butler parkways, Port Joycetown",B3S 1WH,67449596603158020,E00153406,67226690176,8,28
"Flat 26o
Nigel avenue, North Mollystad",L6B 3HU,92194377880955295,E00169671,325546569439,15,47
"Studio 8
Thomas rapids, Jasminemouth",G6H 8GG,23287434486021163,E00170115,165131185097,7,13
"Flat 39
Houghton roads, Elainechester",N86 5LA,92915009903749635,E00152564,570390229948,11,10
"Flat 0
Katie cove, Storeyland",S89 0WQ,57029269932794418,E00171436,507064678202,16,22
"Flat 23
Hilary mountains, South Andrewmouth",DY4 2ZG,68205087353978271,E00037299,86767917805,10,24
"27 Dixon fork, South Martynberg",BN01 1NQ,50396389435200360,E00153410,604660942167,20,47
"Flat 5
Stevens cliffs, Daviestown",KW9 9YA,23384170405219244,E00142225,889095930218,5,40
"Studio 30L
Mistry walk, South Kerryville",B5 4NR,80878456083449050,E00135460,805275855001,11,43
"131 Horton keys, New Charlotte",SY96 9LN,30666950532567318,E00037146,188398710165,22,35
"625 Bruce prairie, West Karlburgh",BR2 7TX,52553179061663221,E00164040,287694165560,8,22
"Flat 38p
Arnold trace, Karlmouth",IP98 4WP,72819454243831655,E00120074,7795677699,17,22
"Flat 96
Bryant plains, Lake Emilyville",N2A 6NE,83911375527858945,E00135576,563061571982,6,11
"7 Tom spurs, East Garyside",B85 7PT,13469356144008581,E00037304,919951935535,14,8
"29 Warren land, West Kevinberg",EH7Y 3AD,69395203751331340,E00153513,637750819664,21,31
"7 Parry mall, Philipton",NN74 8AX,32500121813193859,E00135524,888365355391,17,46
"32 Cameron branch, Katieville",N04 5WE,94595292787643983,E00152571,565161272898,18,32
"596 Craig flats, Colehaven",G0 7BF,94737139967761807,E00164528,242687722619,17,21
"7 Johnson shoals, Laurenport",M51 8SG,42446268191869834,E00153415,155055208660,10,36
"78 Cooper ways, Lake Rogerfort",L4 0BD,75511132908139776,E00120070,91739037261,18,33
"48 Evans inlet, Kylebury",HP5 5DW,62264000667087810,E00153722,618241786123,12,22
"902 Robert pass, South Lydia",WV3 1PX,41948219287112118,E00153412,607284610794,16,21
"Studio 68D
Mathew junctions, Edwardsberg",GU50 9AJ,51737668344748224,E00163861,971072210248,20,17
"Studio 62
Judith forge, Holliestad",S4B 6AE,98675326216195558,E00153472,773630054973,5,11
"Flat 47
Deborah grove, North Howard",N7 7YD,68753280394351458,E00169656,783638035907,7,21
"593 Rogers throughway, North Jacobhaven",CW3 9PT,40381006237328081,E00165602,732280181703,13,11
"8 Holly mill, Port Emilyburgh",SW0E 0DB,87840111821351817,E00135787,45075386611,-9,37
"382 Mandy mountain, Nicholasside",E5H 1JH,13242579928085834,E00141204,699801599365,11,23
"7 Arthur highway, Lake Janice",RM08 3ZG,67130156161989269,E00165363,517366143645,-9,15
"088 Derek overpass, East Victor",E6G 7RP,93866493893962874,E00119922,260533527095,20,6
"85 Adrian square, West Lucy",HA2E 2ZB,32627961197218995,E00152528,860088501509,18,31
"81 Stephens mission, Donaldfort",E9 1DQ,43546933604421484,E00169656,673684767312,8,31
"Flat 92
Goddard underpass, Dianaborough",EX6 7ZL,43619516609714181,E00165355,742837813376,5,46
"653 Slater point, South Francistown",S6C 2SQ,28039515607244160,E00120045,79640200025,8,30
"896 Jake cliffs, East Joelchester",E5F 4RN,30824578585144876,E00169669,841312473283,4,41
"Flat 98o
Whitehouse point, Smithport",KT1 6QF,86816636124773307,E00171613,753916787777,20,40
"Flat 4
Adam dale, Woodwardstad",OX7V 0WE,48063090807320691,E00164119,964312124348,20,21
"Flat 01
Charles expressway, Granttown",SY33 6QG,74227097881496526,E00163858,450083070994,2,44
"591 Wright turnpike, East Chloe",G5D 0RN,57456844634226907,E00165396,659810555559,4,48
"2 Ward circle, Port Janeberg",WC3H 4DD,14622687231999641,E00120172,706878480668,4,22
"Flat 6
Douglas radial, Pagetown",W26 0GU,63540589062190463,E00152509,673208594548,16,25
"Studio 25R
Joel via, East Marc",WS2 4PJ,24084102819814656,E00120058,201475114564,8,34
"219 Lucas station, Evansfurt",BL3 1PA,92908168492454873,E00171594,267953770092,1,28
"4 Terry hills, East Amanda",B3 9LN,62535637511435177,E00135444,389352660856,4,28
"Studio 4
Barton streets, Bethanychester",AL3W 5GH,89172829805694501,E00135797,271342878446,12,15
"959 George shoals, Lynchborough",NP9R 1LF,76667167387356632,E00037247,464736998457,7,37
"Studio 11i
Begum stream, North Annetteberg",PA08 7JS,14498244813878701,E00169854,299280287503,4,33
"Flat 33
Rees freeway, Powellview",EH69 9SE,36256577902083894,E00037094,947788472939,1,14
"7 Mohammed freeway, Owenshire",W2F 3GH,38602620158608533,E00135450,474707791025,18,20
"04 Smith islands, Edwardsfurt",BA4M 5UA,76801514885146529,E00152499,549847842229,19,30
"Flat 97c
Tina flats, Porterstad",E2U 2TW,68260174941815476,E00135717,214598515746,14,35
"Studio 7
Josephine ridge, East Grace",S5 6ZY,72678010276261168,E00164615,720952292134,12,37
"288 James trafficway, Natalieberg",L72 1EL,46074064619976344,E00135818,786904519071,-9,17
"00 Harris passage, Ritaville",M39 4ZZ,55359378803648882,E00119867,249192399135,16,32
"94 Shaun vista, North Sallychester",B28 0AP,36515449906536635,E00037288,769411778625,21,45
"Studio 7
Oliver hills, Port Frank",CT1B 4TT,21577616616593254,E00037139,406103567400,1,18
"8 Declan junction, Julianfurt",NG5 4FU,26060695257969562,E00164595,957858830032,3,20
"672 Mandy garden, North Margaretborough",WF9W 6YU,81754005244789253,E00152566,866153227887,19,40
"73 Page lake, South Olivertown",M2 9JP,37304575690475654,E00135655,442122730776,-7,21
"667 Karen stream, Murphymouth",SA2Y 9GP,62844062269131254,E00165450,594972296298,7,30
"Studio 03r
Rosemary tunnel, Lake Scott",L7C 4RN,11955398879050354,E00135502,623590918683,3,46
"3 Griffiths squares, Jeffreyfort",SR38 1WP,70152483113672557,E00152674,756855496001,21,49
"775 Francis throughway, South Katiestad",G8J 0GP,42625547348890685,E00135543,849898089333,7,30
"Studio 3
Lydia groves, Simonmouth",L4U 8LA,13372550164813989,E00119828,74161599873,9,30
"Flat 3
Vanessa stream, North Geraldfort",B5B 9NQ,70397984666898832,E00142055,754346126872,-9,9
"08 Tony rapid, Brendaborough",BR2B 6QL,59460275745409745,E00165653,272086817954,7,30
"Studio 73A
Cooper vista, Lake Kellyburgh",E2U 6UN,10713454286573849,E00169670,439901804018,7,17
"4 Leach villages, Benjaminville",S7 4PH,96781554828139088,E00135486,626387698811,4,16
"33 Toby highway, East Terencemouth",S8 6XP,63475073833746440,E00164378,6835020766,11,29
"Studio 26B
Gibson isle, Lake Kieran",LU8 9RQ,29741420092124355,E00135678,727976272500,16,21
"663 Henry street, South Stewartport",SO7 0BR,10908005867321010,E00163910,821046997770,2,38
"Flat 0
Hanson ferry, Gilbertton",L4 0ZA,76955919039899386,E00119993,564794873070,5,29
"Flat 9
Cheryl rapids, Hussainmouth",G46 1SP,66029495461582842,E00135623,369370888154,14,11
"Flat 88z
James tunnel, South Wayne",S3 2BE,41929073236365652,E00119867,732846771387,6,49
"Flat 68
Allen manor, Warnerburgh",M54 0PL,81496989514306246,E00165614,572009172992,16,21
"002 Bruce station, Sharonmouth",SE5V 3RD,80194588269593791,E00153568,806440473755,14,45
"009 Marilyn corners, Dorothyview",OX7E 9SZ,55488617422980242,E00141207,667150474191,6,9
"839 Patel lodge, Mortonchester",L94 7NT,19710561965209049,E00164118,135305616082,15,38
"Flat 10
Rosemary parkway, South Keithside",L82 9WD,68992138268450835,E00153722,283318435917,7,15
"Studio 75R
Day extensions, North Dalechester",IV4 8ZE,22054320879634588,E00120009,344541687152,21,19
"Studio 2
Cook trafficway, West Carol",W0 1FR,97314871198964900,E00141212,204851821525,8,12
"9 Hayward stream, North Stacey",HD6 4ND,94207163540977442,E00153524,898192523477,20,24
"1 Ross radial, East James",PR3M 5FB,63699896470577445,E00165735,134872193291,19,9
"Flat 7
Smith inlet, New Georgebury",S9 6TR,57272542367658115,E00153424,694981707200,-7,45
"8 Hill meadows, Liamchester",S7 2TE,87185122227066374,E00135671,124065629842,-7,8
"Studio 14
Cox hills, Thompsonview",WS20 6SN,67463533614633714,E00152616,830905899608,22,33
"Studio 22
Allan walks, South Juliefort",SS7B 7SP,88522485959780241,E00153671,52674969089,3,25
"Flat 43h
Leonard expressway, Bradleymouth",E4S 6JS,30249250401781562,E00164626,574114084897,18,28
"Studio 5
White road, Lake Kirsty",G8 5DX,73292771822807197,E00141214,32795515692,21,22
"Studio 38X
Lawson creek, Lake Dale",L9D 1BQ,68093071144894837,E00152677,279238508562,22,40
"Flat 32
Woods views, Colinview",E77 1GF,53186439811851988,E00119878,557889493444,19,30
"483 Marilyn pines, Richardsstad",E6D 3BR,14528901997334488,E00165467,878924824492,18,15
"Flat 99
Joanna ports, Kathrynfort",LS19 1JL,11917029998519173,E00135601,762647555287,16,11
"595 King mission, New Ashleightown",M02 6QB,16513663414120875,E00153634,938785051230,16,24
"Flat 32
Barker heights, West Sam",CB6E 2ZH,13487029608421151,E00164414,770892372693,17,37
"Studio 38
Gillian plaza, Port June",SR3 2HU,96858592786285681,E00135645,48378201462,15,9
"Flat 97L
Harris route, Dennisfort",MK5P 0LE,87921363865323542,E00165476,108764084125,12,13
"6 Natalie parkway, Sandraside",W3U 4UU,65504494004981795,E00037361,52576105214,3,47
"Studio 5
Emily club, Jonathanfurt",TS9 2FE,77558925518872537,E00153637,699829911544,14,28
"Flat 1
Terry shoal, New Diane",HA6M 5GQ,26641695667354703,E00119924,193527905700,8,48
"3 Evans street, East Mandy",N9S 3RY,74161644805899469,E00135429,674539491949,7,10
"Studio 39r
Bethan ferry, Malcolmville",CR69 2PQ,65306039033606419,E00164066,170640086514,18,8
"Studio 3
Natasha squares, North Eileenfurt",NG89 2AL,31029917132805459,E00163955,335006663015,4,19
"070 Mitchell court, Lake Maureenburgh",SM4 4AE,73372430816200602,E00135840,842757371976,13,7
"33 Robson greens, Raymondberg",N88 3TZ,35903867482956497,E00119869,513552511890,13,36
"Studio 5
Sylvia key, Jodieland",B73 5EJ,97413438504371847,E00120070,231334536012,9,47
"Studio 2
Carter ports, East Fiona",AL58 4HZ,76727240161935241,E00169850,485333457590,11,12
"536 Lynn isle, Lake Rebeccaland",S2 6QT,72893403022966883,E00142024,495202881265,22,13
"05 Turner landing, Port Debratown",KA6 9JL,86493864157245441,E00164491,39121275537,7,35
"Flat 99C
Connolly row, Alexview",CR4 3HW,68501461515330012,E00119820,702227470168,16,13
"Studio 62
Kelly court, Lisahaven",N02 6FN,51033918611839675,E00164415,222695986037,8,15
"Flat 0
Bethany meadows, Collinsbury",N15 1HY,57648824629000484,E00119974,630440366524,15,16
"Studio 5
Derek villages, Irenemouth",NE5 4UQ,57651017214464437,E00164414,82877553400,3,14
"Flat 7
Jeffrey ridges, Simpsonmouth",JE1 3ZN,70444559342095072,E00153522,133749977098,22,33
"Studio 50y
Lloyd mount, North Howardport",TR08 4AE,95735070159182658,E00142073,478978789565,4,15
"Studio 0
Hooper junctions, Griffintown",E2A 8SR,98028078116909389,E00119927,225712779565,10,13
"66 Kirk inlet, Hudsonland",N1D 9YP,20749761498889215,E00037154,624717983587,5,41
"78 Ben rue, Lake Chloeburgh",ME5 8GA,49592580767612292,E00153427,209848995959,11,33
"Studio 53
Robinson locks, Jayneton",SA82 2DW,84241894208071021,E00153577,654131910198,4,33
"Studio 4
Kennedy branch, East Joanneberg",N5 9BZ,81539414436602771,E00165388,602972830113,18,13
"Flat 72
Ashton forge, Mistrymouth",S9 2HF,35274475539157794,E00135474,739371071791,19,47
"304 Gregory light, South Catherinefort",G01 3YU,38042252679290996,E00153423,77109098154,12,45
"14 Ashleigh ville, Port Josh",DN9V 6WJ,68684323076566983,E00120075,658131764656,-7,34
"540 Saunders lodge, Reynoldsmouth",NG81 8LB,59130778138383669,E00037360,42276127279,20,25
"Studio 5
Kayleigh forest, Mitchellhaven",CO5 8SL,92052437432907941,E00163851,808702974717,20,10
"Flat 41
Smith path, Westton",E66 3DS,91573414574303423,E00165476,575854620011,17,46
"434 Stephenson drive, Russellside",L9U 6YA,18667715852178021,E00119784,215355950002,3,10
"55 Lucy row, East Janiceburgh",DT88 6PY,35612852374808424,E00135459,554888768676,18,39
"36 Josh union, Davisonfort",W9F 5TG,67147253526504186,E00120091,673829275237,1,30
"Flat 4
Julian avenue, New Malcolmville",HR7Y 8XZ,92060521693058538,E00153718,955655345537,10,38
"Studio 26f
Marsden grove, South Hannah",BS34 2ZR,88936279009128668,E00153718,673416203051,9,19
"611 French rest, North Melissamouth",B32 9XD,11398099199156182,E00135732,243159864217,3,17
"1 Willis villages, New Marc",S3 8FZ,69712460675274483,E00119970,762818740050,-7,40
"Flat 75g
David isle, Harveyfort",SN98 5ES,85375056424603006,E00135606,446739460089,14,16
"88 Farrell summit, Wrightstad",S8D 0AP,93702588817981053,E00119791,974684856298,-7,49
"Studio 84
Kathryn falls, Lake Kevin",PH83 7UP,84963265271849386,E00135416,80845672639,22,29
"Flat 8
Bibi light, Port Joyceside",NN47 2YY,18316921804280915,E00165602,240049575978,4,40
"1 Hunt greens, Palmerton",IG7B 3LB,85383534143165773,E00135758,751428299663,5,34
"Flat 18
Lucy ports, New Kelly",TR11 3LD,22631323651265384,E00037351,956111420116,18,37
"30 Alexander motorway, Frostfort",SG9 4QG,22107196135905163,E00135642,462277050833,21,33
"Studio 6
Sean vista, North Joel",W6 4LL,61532807461005679,E00165662,144881261080,2,19
"2 Shaw stravenue, Francisshire",CF2 5ZG,80517555832266643,E00135694,839616168755,7,27
"610 Pugh way, East Adamhaven",M99 7BP,54418833053401074,E00120106,711054175512,21,14
"Flat 49I
Bryan spurs, West Stacey",NW7R 5QQ,24042014341644101,E00164527,998324194807,18,32
"Studio 58
Phillip trail, Smithfurt",RH70 9XZ,27062442649549316,E00164547,291864662646,12,25
"Flat 8
Sharon pike, Aimeehaven",GY7V 9ZP,40060891112687969,E00119961,10043144947,1,44
"Studio 38u
Perkins course, Clarkeshire",B15 3WY,12825557249968444,E00172232,945121947902,18,32
"Studio 81Z
Morgan cliff, Victorshire",KY4 3HS,21610404791285651,E00142043,79014875026,4,6
"Studio 4
Sam forest, East Karl",N4 4AB,98030478525155339,E00165409,67022089355,17,31
"Studio 38B
Barrett mill, Norrisberg",KA2Y 4JJ,96639245674587222,E00135832,151168529476,7,23
"Flat 0
Wells isle, O'Connorfurt",CO28 8QP,98494816136798583,E00037361,618318851790,5,31
"1 Leslie gateway, Lewisville",L8 2BW,44527008909233783,E00164624,984590916971,-7,37
"Flat 9
Clark mountain, Williamshaven",HA8 5UJ,17628614647771446,E00119857,135170848252,10,27
"Studio 03y
Sean mountain, West Chelseatown",N8S 3QG,30817251214026679,E00119941,66124759568,3,8
"6 Suzanne road, Petersshire",SR1H 3WP,22715794546461261,E00135511,347983259911,11,7
"527 Dominic crossroad, Dixonborough",M1D 6DN,47418916665919850,E00152572,663779857097,14,47
"Studio 65
Gibbons harbor, Geoffreyville",LE4 2GL,96206632473238253,E00165635,378524884036,13,32
"77 Clarke hills, East Lewisfort",N79 8QW,13802303371151329,E00142043,379839330613,3,18
"Studio 08P
Hazel garden, Port Cliveside",ME29 6RU,62275549957740935,E00119796,15257584765,17,26
"Flat 80
Shaun mountains, East Barbara",S93 6HN,70992487363054741,E00164467,608239503162,5,8
"724 Aimee stream, Thomasfurt",S6 6JX,45773378185884325,E00142040,263962115337,10,38
"42 Riley brooks, East Judith",B9G 5XG,68943004787211386,E00135507,902113147968,2,39
"Flat 50k
Williams shoal, North Andrew",B5 1UJ,92203657680479648,E00165653,92702634509,21,45
"Flat 4
Frederick course, East Leon",BA0A 6NU,75820086994636788,E00142045,659730027236,10,12
"Studio 24
Owen manors, New Simonfort",PE7H 9WW,82927504784014634,E00135622,729932214364,20,47
"Flat 87
Walker lakes, Geraldfurt",HU54 5EU,26863320634389745,E00135562,354099382845,-7,25
"8 Shaw plain, Lake Gemmamouth",W4 7DY,79241433583932097,E00037138,674142761601,12,49
"7 Claire coves, Wrightland",N7 0JU,74988221252872628,E00169853,990314322659,-7,38
"Studio 41
Karen shoal, Priceport",M95 8ER,14302179274992621,E00165383,504888149376,6,13
"Studio 52x
Valerie pines, East Maureen",L7E 2XB,67544142487027086,E00153411,473114193070,22,31
"Studio 0
Katy pass, West Rogerstad",CH9V 1FH,90152920834491326,E00135737,637100879548,-7,30
"7 Long square, Karlborough",HX9 7YN,49659075739473697,E00119865,781865059477,3,15
"237 Harper estate, South Jodie",CF9 3FN,15579718919586505,E00173918,964518410813,-7,6
"Flat 35
Stacey crest, Ritaville",SY4 0YP,70752246325634261,E00119964,587045399082,2,13
"Studio 73
Smith overpass, Lake Gordonton",YO7W 3HY,16095997523616025,E00153418,432982412091,22,29
"352 Taylor mission, New Amber",W3K 1DE,87092840900335938,E00135423,437395858788,18,17
"Flat 00
Farmer circles, South Gareth",W49 8YA,46210581621710613,E00153684,138842426466,13,10
"Studio 34
Akhtar port, Port Henry",W8T 2RW,54651634538418890,E00164603,211219254545,9,13
"83 Aimee burgs, Conorburgh",S5F 0SR,91315379981257587,E00165615,252640826892,17,25
"91 Connor meadow, Nichollsbury",S69 7JY,59310558098439079,E00153427,111686131488,14,23
"Studio 4
Moore cliffs, Dannyfurt",S0 6SW,62280212945169870,E00119861,908426371093,20,35
"88 Mitchell key, Samchester",L4 0EE,34141257864874757,E00170124,993675183478,4,20
"Studio 3
Atkinson river, New Douglasbury",L9 5SR,99053906167425741,E00152623,161795533700,6,40
"861 Lewis terrace, Lake Ashleyberg",LU3 6DQ,73795106080524681,E00165529,1174196577,3,13
"1 White mount, Farmershire",ML6X 2JJ,82042185642990743,E00120102,240903069443,3,45
"754 Rhys rue, Hughburgh",DA73 5TT,78754853744329518,E00165396,845016852186,3,18
"2 Victoria ridges, South Lorraine",CM5 3WP,79808740273807100,E00120074,261437445507,2,30
"Studio 0
Amy brook, East Maria",B3S 6AJ,63715517642025857,E00165582,287547249430,15,23
"Flat 98
Williams orchard, Woodberg",S6 5UW,65121181745025953,E00165387,144295091908,10,20
"371 Murray forge, Port Joanneborough",HR8 4AL,34257930244580802,E00164491,101297152460,20,33
"Flat 2
Lewis forges, North Brettland",CV94 2XG,60115592159746201,E00164383,12902642978,10,17
"6 Max ridge, Lake Bethanside",W3H 7EY,56630121644519999,E00172230,28390552062,18,46
"0 Janice lights, West Hannah",N5U 5DA,90125187049964005,E00142125,100212595774,20,35
"045 Elizabeth points, West Amelia",N7S 0HE,42247240998946439,E00037090,509672462432,6,25
"033 Jackson walks, North Dannyberg",W42 3XL,70333599920018900,E00152584,33052860902,12,10
"Flat 32J
Webster prairie, Lake Malcolm",DT0 1XH,41191942068438804,E00119950,7110838940,-7,27
"46 Miles glen, South Hannahbury",W9 4UW,51743294879977918,E00164544,793040631636,13,46
"Studio 66u
Karen fork, New Aimee",OL8 5DP,99591712638117063,E00164486,267872490687,8,37
"Flat 27R
Goddard plain, North Pauline",NW9 6NX,17016827595374064,E00135847,652012880994,15,33
"7 James street, West Saramouth",W5B 6WS,70570727237174024,E00135806,496243174137,10,23
"0 Lydia flats, Timothymouth",ST1N 6AZ,59675220486287909,E00163905,590779282104,8,21
"Flat 31F
Diana expressway, East Amyville",EC62 8GP,31835278891825701,E00164563,93846992749,17,47
"538 Green drive, Laurenmouth",BA3 9HS,47470256755402998,E00152615,199389067480,3,9
"421 Marcus prairie, Nixonmouth",W0W 9GX,42732168467397991,E00037349,336357016147,14,24
"Studio 45
David islands, Lake Richardside",TW20 3NF,77731473513742395,E00153465,133664211595,7,16
"4 Marc plains, Nicholasside",L3S 3RE,89947785192277738,E00152574,629390941256,1,30
"847 Griffiths fall, East Francis",E8 9UW,78375006520170736,E00119858,610250623912,8,42
"9 Marshall club, Jamesside",M3E 3ER,68481855554434251,E00135676,602490184697,6,49
"Studio 1
Lawrence circle, Tonyborough",E12 0DW,99625954707968374,E00120075,513880720137,20,49
"100 Hilton bridge, Julianbury",DL9M 1PG,42905575925006235,E00165589,300014800640,20,12
"Studio 5
Gordon tunnel, Yateschester",RH00 0UA,79801721838988126,E00120101,454581550776,4,9
"8 Roy forge, Lake Timothy",WA60 9TZ,72257322498600897,E00135554,694341493912,4,9
"48 Ruth squares, East Billy",CR2N 9UH,30174088936133197,E00037235,811517427842,4,11
"167 Newman viaduct, West Wayne",N64 7ZH,30206380328156242,E00135406,725665865054,10,7
"Studio 42
Martin views, Port Jamiehaven",SW5H 1XE,43505557424862639,E00120130,984182155411,13,42
"Flat 0
Colin radial, South Francestown",CM5 0DJ,86277296025517816,E00135806,507939623843,20,45
"Studio 20B
Kenneth spurs, Lewisstad",CF4V 0QF,23655299303322779,E00165420,980210685780,22,24
"27 Hughes street, Rossmouth",OL2 9EG,37885105326344414,E00141265,100107953490,5,42
"194 Bird circles, Turnerhaven",L50 9PD,69958663054691142,E00173917,38131546015,7,20
"Flat 18s
Liam ports, Thompsonchester",G2 3ZF,27774798821194890,E00037142,369200315005,11,46
"Flat 51
Smith forges, North Malcolm",B80 0GY,76892640569898071,E00135482,602005751891,3,7
"112 Ali viaduct, Holtville",IM4E 1BZ,22731761903269387,E00153421,695340300481,-7,15
"481 Storey extension, Edwardsstad",W2 0EX,56958977611184976,E00142070,767715906591,22,14
"5 Victor track, New Natasha",E7D 7FF,67554266059654262,E00165369,807126967991,9,29
"Studio 23
Elliott island, Lake Trevorshire",ZE8M 5SD,77521489384219532,E00165627,710721170738,17,44
"1 Begum meadows, West Kathleen",WA6A 0YB,97692628029103352,E00135596,291441440270,16,40
"Studio 50
Sinclair branch, Westside",B2 9EW,86259521480968949,E00172226,112619148770,5,49
"Studio 06h
Mason shores, Lake Ritaton",LN9 5JP,23724600106104436,E00135611,946701677234,19,14
"110 Thorpe overpass, Lake Shirley",BR6A 6GB,53510837017645162,E00153466,856932677302,18,35
"Studio 19R
Antony forges, Crossfort",MK17 6ZU,27634261741034326,E00164108,957841608445,9,30
"Flat 26n
Connor unions, Kaychester",N4D 4RQ,50536729798094813,E00169668,948411137204,7,7
"Studio 90
Richards rue, Lesliestad",G4 8LT,97247400187912909,E00165417,110164321728,9,9
"Flat 39
Douglas valleys, South Andrewmouth",M55 3SY,30492289419799881,E00037244,874083698766,20,26
"1 Kimberley highway, Port Mariantown",WA12 4PE,87238657396376505,E00135411,787453813930,21,31
"452 Cheryl cliff, South Dylanton",W5 2TQ,39337599235373329,E00142037,64636212474,7,20
"718 Dyer corner, Lake Trevor",M8 6XW,64086087859265057,E00165616,402088119733,9,12
"89 Lewis pines, East Connorberg",E6 8JQ,39403294034796414,E00164568,731821793387,-7,34
"Flat 2
Samuel hill, New Paulinefurt",S3F 3NR,73099431310273262,E00165636,853360614892,21,42
"Flat 24
Martin gardens, New Kenneth",TN5R 3WZ,25442531882166267,E00037398,504195815373,17,22
"645 Kayleigh mews, Martynborough",SR7 6TJ,74123141614761270,E00163945,979657571143,16,8
"3 Duncan point, Robinsonport",W4B 0LL,11861445165692860,E00153386,943499566068,1,13
"77 Jordan mountain, North Steventon",B0 0JA,77785822434896985,E00135838,204119875154,18,26
"6 Jenkins heights, New Catherine",SY2 9DH,32195858652140786,E00135432,47289790974,9,42
"4 Raymond pass, South Katherine",M6 9NA,63140451620653382,E00135593,63970989570,-9,13
"600 James crescent, Tomstad",TD98 6DG,40058338288035488,E00165349,321577693233,6,11
"988 Danny highway, Ianside",M81 3SN,18025299569649297,E00135556,727751806884,5,49
"4 Jones landing, West Vincentport",DT8 6FP,62706966671511487,E00119868,204168571067,8,31
"4 Wilson inlet, North Katiemouth",HG9 2XL,20654930159501059,E00170113,614105121301,-7,37
"7 Kieran lodge, Port Francesca",B3 3LZ,68598665587365566,E00164511,779243688164,19,15
"Flat 42X
Brandon dam, Gregorychester",ML4X 6RB,63424445233863380,E00152663,685145654331,1,46
"Studio 46
Rosemary drive, Port Jasonton",DT8 3QF,64627357130998405,E00164509,422979089728,3,20
"Studio 8
Amber summit, South Paul",B77 7PB,46175389932575912,E00165623,265346277927,-7,24
"674 Harrison village, North Sarahside",KA8 2FA,72189391497870676,E00169851,403028187662,21,36
"Flat 76
Shirley courts, Hartleymouth",DA0N 7FN,65067191999897367,E00120028,288680860333,13,26
"Studio 11
George skyway, Tracyborough",L87 0LF,96955897471952184,E00119797,309140006633,16,31
"59 Barry points, Port Shane",W2 1RF,76159137873722147,E00119892,160888170634,16,17
"Studio 34A
Campbell valley, Port Lisafurt",SN3W 3HJ,84472771216211900,E00153471,791091267797,18,40
"5 Ross freeway, South Katie",PR5 5GW,10892997124803716,E00135398,678507377934,13,47
"21 Davies square, New Lyndaport",KA7 2LY,26288239702972495,E00037395,444322028217,-7,10
"835 Danny orchard, New Lisa",CA2 0SX,31510864922269580,E00152638,484790232490,21,31
"Flat 5
Hudson way, Port Paulfort",SA51 1GN,68155739553123745,E00153579,911649362413,11,38
"09 Grace turnpike, Macdonaldview",WR7 6FY,20528122830218815,E00152615,759068881434,2,27
"572 Abigail parks, New Tinaport",S4 3EL,90645245647172210,E00164469,555172757493,2,43
"52 Burton junction, Jacobfort",W7 2HS,85476916871297956,E00120173,395109960234,9,27
"76 Josh fork, Hillshire",PA3R 6RZ,73022447905724822,E00142016,898780841400,-9,29
"090 Malcolm mission, Sarahberg",SS02 3AW,54175188824932900,E00120171,921921418886,9,20
"51 Gill courts, Barbaramouth",TS0B 3WF,24671712912924506,E00135767,151767733178,-7,41
"51 Gemma rue, Lake Denis",IM6Y 9AA,59975097443957890,E00163900,799486215674,17,16
"5 Humphreys garden, South Joyce",DG38 5PS,87490174904801086,E00120014,483693717401,9,27
"Studio 74w
Norman radial, East Jeffreyburgh",BL4N 5HP,82776208520316553,E00153394,19256221819,-7,43
"Flat 48
Russell locks, Baldwinshire",W8W 4RD,86362207960878470,E00142070,10385931746,10,44
"40 O'Connor dale, Port Jacob",CA01 6TW,76589423464583873,E00120094,520308421080,6,33
"7 Hall view, Port Suzannestad",PL54 2FB,66377555716323890,E00164390,556221468578,11,37
"Flat 4
Booth avenue, Richardport",TD1 6UT,47080025477744414,E00164500,491785328714,4,31
"Studio 69
Brenda mount, South Jonathan",HS5 9QQ,53911222729932951,E00164045,303722525623,8,16
"Studio 34
Chambers grove, Darrenberg",TN19 3BE,42156611906358612,E00120175,585263425383,-9,18
"22 Judith motorway, New Declanberg",L7U 3WL,21855139146877663,E00153540,246811188521,1,28
"Studio 91W
Law isle, Miahborough",EN85 9HF,55164610870283418,E00135661,47985113258,-7,15
"Studio 35T
Danny overpass, Melanieville",HD8 9GQ,35243637734155696,E00037296,523474939028,2,22
"Studio 64u
Norman prairie, Port Stewartstad",N6D 3RS,66761949051176542,E00142031,124988293955,20,31
"3 Middleton shore, Joanborough",L1G 7HX,57500666795748454,E00165464,343463350327,15,28
"64 Knight harbor, Port Rosemary",G9U 0BJ,38852302909786387,E00165658,285870781248,4,9
"7 Webb mission, West Carlstad",N35 7AR,36888026222313444,E00120176,203533304183,12,41
"Studio 40
Harris ports, West Annaland",DE5 2SF,19153208501909252,E00165601,686701376934,12,44
"300 Campbell cape, Boothborough",EN96 9WZ,51173377354595944,E00135698,340505246629,12,46
"966 Williams turnpike, Scottfort",E3 1HW,67724720343105961,E00135530,867815029393,16,19
"Studio 85
William point, Flemingfurt",WC7X 8HJ,39313337994714198,E00163946,961831993603,14,9
"Flat 37
Marshall summit, New Patriciatown",SG1M 3DN,58321902894032610,E00120156,592623113527,21,19
"6 Janice village, Declanfort",DD3X 9ZU,65487114511957301,E00135697,136705729408,14,7
"Studio 10m
Nicole well, Antonymouth",G9E 6JF,60804193819945149,E00153685,836405459130,19,36
"Studio 54
Lydia inlet, West Annette",FY9P 4HY,84379865238055435,E00164590,816087248736,17,38
"Studio 3
Richard square, Williamshaven",S08 9TY,82854711061918387,E00164511,600354903755,12,40
"Flat 89
Patrick shore, Samland",CM7 8JS,79565167481515047,E00135785,808418406115,8,13
"318 Sylvia creek, New Lindaland",GL9Y 5LA,65560416225314064,E00142022,587663587672,16,20
"3 Foster harbors, Lake Jessica",LD2 5XZ,18395110703379574,E00141213,296940188340,2,35
"Flat 0
Wood road, New Georgiaberg",N70 7WA,29394855942253131,E00037153,770760201477,5,20
"4 Jayne forks, Pateltown",S6 2AP,61881915072710349,E00037391,752579936269,13,34
"42 Bethan way, Lake Gerard",N42 1WR,53214501744764593,E00165461,951574121918,9,9
"Studio 36
Watson burgs, Vanessaside",NW24 7ZQ,89460779479068009,E00165505,613663564713,20,20
"Flat 36M
Philip field, West Paigestad",KW9 0YD,32822061702076879,E00164551,811118441854,-7,33
"Studio 32
Chelsea road, North Rachel",W4D 0US,66974887643431400,E00142228,114341366762,13,38
"Studio 4
Donald summit, Andersonburgh",IV0E 1QB,85224221210325427,E00165463,80186406275,6,21
"Flat 00
Dean stream, Alicebury",S3A 3SD,25963783032883696,E00120023,513193300463,4,21
"4 Bruce port, Port Aaron",PO4 6XT,59327074674288778,E00135544,517214484663,10,48
"Flat 63g
Thomas creek, Brucemouth",S9 3NA,25105829530321936,E00135395,963369259929,-9,12
"Flat 41o
Justin canyon, East Chelseatown",DG5 9YH,41626908687294997,E00120082,153391675895,16,17
"698 Jeffrey vista, Jillport",YO2E 6QJ,64953828923267907,E00163911,606903638938,18,35
"5 Chadwick vista, New Emilyberg",G45 4AQ,40400501696983364,E00152632,205536580365,8,22
"1 Ashleigh burg, Lake Valerieside",N45 2PN,34709549811400728,E00037301,708037426069,13,28
"Studio 17R
Ross green, Barrymouth",ST3B 2XH,15494292595041446,E00164402,104981365622,2,26
