Household_ID,Visitor_Address,Visitor_Address_Country,Visitor_Address_OA,Visitor_Address_Postcode,Visitor_Address_UPRN,Visitor_First_Name,Visitor_ID,Visitor_Last_Name,Visitor_Sex,Visitor_Day_Of_Birth,Visitor_Month_Of_Birth,Visitor_Year_Of_Birth,Visitor_Age,QID
h12101091368662550,"Studio 84
Kayleigh inlet, Alisonshire",558,E00135654,WC25 0LB,978194843186,Christopher,c4981408097846244142,Howarth,2,10,6,1925,94,q7336171971546779
h59414584488171215,"Studio 2
Barry haven, Dianemouth",972,E00141242,B9D 8AB,736271270150,Sophie,c9174735523345570852,Williams,1,2,7,1907,112,q3048881500937229
h78292518255019075,"Studio 95W
Perry stravenue, New Andrea",926,E00142047,HP1H 9ZX,721245807038,Jennifer,c1190754517513374729,Allen,1,21,7,1934,85,q4283617575743281
h74169398215485864,"6 Wayne parkway, East Christianland",214,E00119975,L6 9JF,653341896292,Mohammed,c6629283005484757515,Wilson,2,26,4,1970,49,q3727102569529444
h64346410161869735,"80 Francesca harbors, New Georgia",850,E00153583,LD62 2PF,851628873806,Shirley,c9034536395236158377,Thompson,-9,4,6,1974,45,q7189632880208738
h63833210556121878,"72 Ann centers, New Aaronland",882,E00037183,HD5 7DN,854580881959,Ian,c8684700320556962749,Macdonald,-9,1,2,1981,38,q1645587535937299
h66683633777587132,"644 Pauline union, South Shannon",682,E00171025,EC8 9NB,326778048540,June,c8795140264241656316,Young,-7,24,10,1996,23,q5037414362432549
h99366607626708243,"607 Phillip fort, Pritchardport",60,E00135587,AL1 2TB,476189677039,Gareth,c6563573776364133496,Stevenson,-7,11,5,2005,14,q9784142973216775
h61201760737481138,"87 Barrett harbor, Lawrenceside",334,E00135792,PO2R 1YZ,274853710963,Declan,c1559172620261029775,John,-7,9,4,1984,35,q5088037891188314
h46892948214314379,"Studio 64S
Thomas points, East Gregory",666,E00164627,E70 8XP,148346503417,Arthur,c6503054899223675748,O'Brien,-7,13,8,1950,69,q6088622915181448
h74027412677128872,"7 Rachel plains, Howellview",984,E00037353,NP2R 1LG,292360211693,Elliot,c5176843558772590784,Elliott,-9,25,11,2010,9,q5714110998392420
h84736781393965120,"0 Brandon ranch, New Joelfurt",454,E00135646,SG5B 8NF,749925936202,Frances,c8049327665541309088,Ball,2,11,5,1936,83,q7369805945576634
,"956 Gerald meadows, Debraton",768,E00037087,S2 1AX,801644680842,Dorothy,c5417115066914873652,Rowley,2,25,6,1956,63,
h27021350024135930,"Flat 65F
Taylor parkway, West Allanview",858,E00153527,NR2X 7DU,695652560136,Trevor,c1359219307412235455,King,1,30,5,2016,3,q1390832625175972
h45008423936134212,"912 Morris crescent, Lauraview",752,E00120089,SS35 3ZR,285175927761,David,c5370879487720250456,Taylor,-9,21,11,1934,85,q8687769374836491
h75238403966730285,"165 Pauline cove, Bakerchester",638,E00037239,YO05 4BX,146545497311,Benjamin,c8028008272208377084,Kent,-7,9,7,1982,37,q9767090124152404
h82529977865857017,"Studio 0
Marian view, Harryland",112,E00164415,B8 0FR,48324140086,Charlene,c6334114173077213457,Wright,1,20,6,2017,2,q1724477060163282
h71518804873049107,"Studio 52
Webb street, Ashtonberg",400,E00152618,G98 1GF,597384915854,Rachael,c5211269606120434151,Brown,-9,3,2,2014,5,q7772735120615808
h69781949982181160,"Flat 71q
Justin place, Franklinstad",408,E00165386,L1S 6BJ,129372099804,Rita,c3642540641109227341,Hunter,-9,28,8,1918,101,q2642633419180577
h58797164542522652,"Flat 8
Bernard cove, Port Connor",924,E00135522,IP3P 0NJ,561291785617,Shaun,c2975327040414783441,Evans,-7,17,1,1958,61,q4405769424288522
h18777714156123365,"Studio 9
Hopkins locks, North Lynnehaven",203,E00037260,BD4 9BW,242646419276,Hugh,c5831012183052726065,Wilson,-9,23,11,1982,37,q5893395418426153
h42387336929491805,"Studio 78K
Knight crest, Junefurt",585,E00135737,M01 1AT,26309789782,Roy,c3294026209483564063,Fletcher,2,27,10,1916,103,q5519709870891363
h87875553886296310,"Studio 47
James common, North Terenceville",20,E00165564,M95 0PA,140505431992,Samuel,c4147532778961064347,Weston,2,2,4,2011,8,q3734437145552151
h17300382491166779,"4 Martyn island, Lake Denise",373,E00171586,GY7B 8BS,447400590040,John,c4049631276927205472,Johnson,1,22,5,1972,47,q8759203037628720
h45509660423100874,"Studio 24o
Eric viaduct, Allanview",275,E00153721,HD1V 1UD,637220969728,Georgina,c3339357631254384206,Brown,2,8,7,1928,91,q5668688978463591
h83001023039123407,"2 Elizabeth garden, South Declanside",983,E00135611,IV6 0GY,908771168658,Barry,c4603373329902418840,Blackburn,1,26,1,1917,102,q9782773132948256
h62526080109907909,"Flat 34C
Thompson drive, Lake Pamela",496,E00135800,E9 8XB,561633921410,Grace,c4826157237863462950,Mitchell,-7,29,7,1992,27,q4178429311416697
h44373427766652414,"049 Hunt summit, South Gareth",540,E00164064,IG3W 6DG,819853993323,Edward,c6818421284029950183,Jones,-9,13,2,1946,73,q5898694619143778
h70884470635806221,"96 Miller overpass, Jackshire",682,E00037184,DT57 3XJ,605172050781,Mary,c1956293833848384944,Reynolds,1,27,1,1969,50,q7452393127392805
h57405549478836011,"522 Hollie mews, West Charles",922,E00165649,BH3X 7RU,530848696215,Kerry,c5254504137779193277,Bradshaw,2,13,10,1937,82,q1205525923664261
h43783133078516875,"9 Simpson wells, Grahammouth",831,E00169953,HS1A 3BT,508303541234,Helen,c6957379563175222210,Davison,-7,15,3,1908,111,q2306564560092466
,"41 Jade dam, Lake Kimville",266,E00135519,ZE81 1PA,522177472297,Hugh,c6906113904829214000,Gill,-7,26,6,1936,83,
h37723845175967082,"Flat 68r
Giles isle, New Barrybury",12,E00120107,W8 5QG,411145518493,Scott,c1366757171882597594,Wood,-9,19,11,1999,20,q5504150556941964
h69119521459191979,"Flat 5
McCarthy spurs, Rogertown",239,E00119798,B61 6NL,51542686150,Kevin,c5560449732797198208,Simpson,-7,30,5,1933,86,q8308433980058752
h41300496369003123,"678 Hilary burgs, Juneview",520,E00164587,RH74 7FN,707396605578,Kimberley,c7023874401629511661,Connolly,2,2,7,1976,43,q9167822868179636
h15657479749295413,"84 Walker vista, Port Trevorfurt",304,E00135473,N4G 1NE,5613011911,Hannah,c6398803739879041024,Wilkins,-9,10,8,1980,39,q1739779204940518
h95946781595809040,"Studio 80N
Garry ridge, Claremouth",344,E00152592,WC2 2GA,381140475163,Kenneth,c1526630422580672857,Baker,2,18,10,2015,4,q4354056102887646
h15325214564246228,"693 Kevin alley, Port Cameronfort",604,E00119841,E4T 3PF,100715479998,Laura,c6672860014195823599,Thomas,-9,25,3,2016,3,q9803245903494036
h62537773083290081,"Flat 78r
Archer lane, Watkinsfort",104,E00141253,L3U 2WT,247889085909,Katie,c1654484138171662925,Stewart,-9,10,2,1910,109,q1291761775892249
h70895103721904339,"347 Pearce parkways, Robinsonmouth",454,E00165390,BT2 4DT,391912897122,Lindsey,c3029697464656484594,Sutton,1,14,3,1925,94,q5086371386475412
h39345689506147249,"82 Lawrence prairie, New Stephen",440,E00164593,CV19 1BQ,121745300187,Joel,c5673786742793625579,Wood,2,21,11,2015,4,q2906683622183525
h27883431240220901,"789 Thompson skyway, East Irenefort",876,E00141258,M2S 3JW,132966134973,Stewart,c1956782787401534348,Cartwright,2,1,10,1961,58,q9610426059894321
h74506970952766148,"074 Hayes spring, Antonyport",533,E00164058,BB32 0DB,982054325302,Leigh,c4015860789472190317,Webster,2,19,11,1965,54,q3995252323839593
h98118650382008553,"Studio 13H
Janet walks, Lake Graham",604,E00165534,TW9 7YH,184072422461,Sean,c8700731353102577344,Charlton,-9,21,3,1974,45,q6353474714740604
h64430834698055308,"Flat 59h
Neil camp, Hopkinsland",540,E00135509,L1 9YU,113477148738,Jodie,c4980033359995315988,Graham,1,15,7,2011,8,q4721079060220512
h69814705028431068,"Flat 5
Morley point, Bennettstad",903,E00037145,L1U 7LX,73357779247,Katie,c8427695172414193470,Barlow,-9,6,3,1910,109,q3572624413244005
h98378577939566493,"Studio 47
Shannon shoal, South Allan",260,E00142119,WC3B 7ST,599012124266,Paula,c9110292534093890678,James,2,28,7,1936,83,q2042456172767948
h72831875795077171,"36 Bell mount, Brownmouth",686,E00119988,SO54 8TD,348621758338,Damien,c6982206640786430806,Davies,-7,25,10,1985,34,q4703831829865631
h43003214698669108,"671 Bethany squares, Hughesfort",902,E00119787,BA1W 0FH,760756732360,Joe,c4005699727968230441,Miller,-9,29,4,1966,53,q3801812962662477
h97323120306983469,"0 White street, Greenwoodbury",174,E00120142,JE9 5WJ,775247236691,Ricky,c6194070725040770008,Anderson,-9,1,4,1909,110,q5765742715081373
h62929926250776151,"Flat 97
Smart loaf, Port Abbiefurt",462,E00120130,B98 2NU,896812998666,Matthew,c6915733173966905343,Parker,-9,26,8,1999,20,q7849852466772292
h18580010829669608,"Studio 31
Mohammed pines, Bakerhaven",634,E00119992,FK38 5TB,584536763928,Mohammed,c2714031657508234607,Dunn,-9,24,11,1942,77,q6136964621559619
h77595126098279150,"25 Black hill, South Stanleyburgh",352,E00152605,HG52 4GS,460391280791,Jodie,c2433294302328532197,Marshall,1,3,7,1969,50,q4475749531025404
h58899580539213052,"Flat 02
Phillips pines, New Valeriebury",784,E00119798,BB7 6DS,609219247239,Aaron,c4150486628781943413,Gregory,-7,28,4,1959,60,q3953286387748341
h60543332006253369,"6 Lesley lock, New Lydia",10,E00119973,DT0 6LJ,880393749261,Lindsey,c9167654189595022131,Clark,1,22,7,2003,16,q5667669926427669
h27145641118234436,"Studio 66h
Davies isle, Mohammedview",304,E00119841,FK0 6FF,885773628622,Lawrence,c4457129446589486058,Kennedy,-9,6,9,1974,45,q7287887302367807
h54756418757416656,"163 Cole mountain, Lake Joanna",276,E00120169,EC0 8BQ,993733596809,Beth,c1589012067601568277,Williams,-7,31,7,1998,21,q1593032146110766
h67623169249150828,"Flat 89N
Walker spring, Port Jennaberg",188,E00164404,IV84 7YA,56666959187,Aaron,c7714021787007822826,Chapman,-9,5,4,1921,98,q9572916904735061
h22883196743274934,"5 Carole ramp, Helenborough",807,E00120036,N6 3PQ,579645671444,Grace,c6399714343016394603,Spencer,-7,29,10,1979,40,q1375675976924762
h72361467029585512,"954 Georgia manors, East Albertshire",20,E00135660,PO5X 5ND,859763937934,Victor,c3404090438233986753,Morgan,2,14,9,1960,59,q2172155482937743
h54056717470266245,"28 Metcalfe branch, Port Joyce",703,E00152498,L42 9NN,987123530676,William,c2599967855140802003,Cook,2,9,1,1954,65,q1915152377910670
h74108846921248254,"034 Fiona divide, Port Nicholasview",974,E00135552,E66 8XS,758038216911,Conor,c2165221097349835457,Jackson,-7,18,3,1916,103,q1618300425429080
h23495628129386148,"Studio 6
Jackson parkways, New Karlchester",496,E00152659,N2 2SY,78608603847,Alice,c2425047576981869542,Anderson,-7,10,6,1960,59,q9739701243058521
h97637489495614406,"Flat 7
Taylor heights, South Oliver",214,E00037316,S9 0DZ,926304319049,Shannon,c3859690824713622253,Robinson,2,9,1,1992,27,q7793592925701946
h97323120306983469,"821 Alice land, Jasminefort",740,E00120012,PO74 6FE,429203347062,Hollie,c1383465106667616546,Wright,-7,3,7,1982,37,q5765742715081373
,"2 Blake mount, Lake Lawrence",116,E00152539,W93 3DT,36981859500,Valerie,c3947457980794851991,Williams,-7,28,7,1909,110,
h39620850574795704,"34 Goddard curve, Maryfurt",652,E00153677,S4A 7DZ,195690138121,Michelle,c6469106895271642047,Saunders,-9,3,4,1998,21,q5694909525499455
h82894431936239940,"Studio 11
Harrison mountains, Brandonside",426,E00037312,NN15 2WE,129163040905,Annette,c6678292598884720291,Nicholson,-9,22,2,1953,66,q9118296494459585
h64721621458593813,"Flat 3
Francis way, Kaurfort",384,E00142120,TF92 6XS,594875309601,Geoffrey,c6766411014694154307,Lewis,-9,1,6,1918,101,q8217153839996577
h39004020775036308,"46 Joanna drive, West Shane",360,E00165422,TF82 4ED,972807213641,Rachel,c3772806630474801955,Williams,-7,20,5,2000,19,q2201701559762663
h24627284180394537,"869 Sullivan prairie, Palmerview",612,E00037291,JE6 3NL,141368357653,Kevin,c8976711906906155575,Oliver,-7,14,11,1974,45,q3184119471522295
h88515708574239311,"386 King freeway, North Kenneth",52,E00119791,WN35 5SW,51857841039,Katie,c5205082702342434376,Jones,1,6,11,1935,84,q9888719912287754
h93475154939505472,"1 Bell trail, New Graememouth",762,E00037249,G0 3LB,440793154270,Victor,c8239365375341782357,Reynolds,2,21,12,1925,94,q3427181605798125
h27900564987109157,"Studio 37
Bond shoal, Mooreville",690,E00135595,SS3B 8RF,139256683858,Janice,c6408501812764293988,Hancock,1,7,7,1931,88,q9484481534557699
h45249268453415488,"08 Barnes avenue, Wilsonmouth",984,E00153635,B95 4XP,24707395156,Susan,c1676209753433707034,Henry,1,25,8,1906,113,q3941657071360014
h38116496570179610,"Studio 67r
Caroline avenue, Valeriebury",682,E00165534,W5 0LU,475016009405,Gail,c4902077250343068771,Jackson,-7,16,8,1919,100,q9698120207434336
h71264435604559886,"7 Kevin fort, Geraldland",983,E00153412,E5H 0RW,638875685478,Andrew,c6275187343060862915,Webb,2,18,3,1930,89,q5377590185657980
h60025070458851244,"Flat 4
Hugh center, Port Valerieside",630,E00153640,CT3 2JS,692536340375,Francesca,c8834781413988407756,Hughes,-7,8,5,2004,15,q1458497557169612
h33685975315272409,"Flat 01r
Middleton isle, Begummouth",798,E00037147,TQ04 7FW,194870391752,Damian,c3184314459984107784,Hewitt,-9,4,2,1950,69,q7798176489460028
h90741769287871378,"82 Allan parkways, Port Sophiefurt",654,E00119946,NE7 6PR,417956293467,Janet,c7764482575856235225,Cooper,-9,19,3,2000,19,q2594581333393146
h93195941525609743,"Flat 35
Chelsea ville, Lake Lindseychester",912,E00135648,NW84 4XP,923147192790,Pauline,c1013014190035253759,Kennedy,2,29,5,1944,75,q3926615714160916
h44797080495003566,"6 Lynda rest, South Alexandramouth",324,E00164600,L6S 5LZ,622257507608,Hayley,c2015658914086275257,Mills,1,11,7,1937,82,q7863351599950030
h20809210597355140,"8 Bolton station, Porterburgh",744,E00165554,B1K 1ZQ,618002451505,Samantha,c3368397597082931282,Richardson,-9,28,7,2012,7,q7776730698719146
h64504516237728715,"Studio 44
Chelsea springs, New Susanstad",300,E00165440,BN64 5UG,870414356870,Hollie,c1369671332699140082,Harris,-9,22,11,2012,7,q5064983136239421
h52888323178419994,"Studio 94
Holland divide, Gouldtown",175,E00152668,N77 0LJ,40349761258,Leslie,c1507155023746763538,Whittaker,-9,22,3,1954,65,q5587161806126933
h90384589798786501,"8 Barlow manor, Port Jemmaborough",368,E00120021,E1H 0SJ,193551129487,Mitchell,c4171022179355308040,Fisher,-9,5,5,1926,93,q6075437665067920
h25522426377613808,"Flat 2
Evans course, Ianhaven",108,E00135608,LU62 6AX,615858266198,Alexander,c5156367169784639896,Newman,1,21,2,2019,0,q9360719278969874
,"257 Ford locks, South Shaun",562,E00135567,MK8R 7EG,671841503443,Mohammed,c5080350272385639759,Davies,1,9,1,1923,96,
h76464426209898229,"Studio 3
Turner junctions, West Molly",246,E00142014,TQ9 4YE,146756625013,Connor,c7201565319040930504,Kemp,1,23,10,1906,113,q6777038952253581
h93223816246497405,"6 Leah garden, Jonesshire",162,E00119964,IG48 7EG,280112730179,Hazel,c3968404631965851357,Williams,-9,30,8,1974,45,q8054802249802552
h66394086299876227,"4 Emma key, Cherylbury",484,E00164115,S0H 8PE,588557478306,Patricia,c3040985230293163206,Matthews,-7,19,8,2014,5,q9123853753060012
h58797164542522652,"174 Trevor shore, Ellieton",780,E00165449,B92 6PF,49914291533,Gerard,c4358764407169258594,Todd,1,17,9,1948,71,q4405769424288522
h21972362673579802,"Studio 58u
Cameron courts, Jadeburgh",64,E00119812,DT75 0UU,80186991434,Rachael,c3205153199952814200,Andrews,2,22,8,1904,115,q9962302990656772
h57893763277738889,"Flat 06A
Alexander locks, West Iainville",166,E00135742,LE2 2WU,591194334286,Alex,c6581087472095445156,Pritchard,2,4,3,1981,38,q7800502095039028
h82961089711618638,"56 Davey square, Jodiechester",158,E00165635,BA69 2GA,408353022098,Lewis,c1812681738470461949,Douglas,-9,11,2,2005,14,q3417716786937893
h29567564748448099,"863 Trevor mount, Lake Paulberg",834,E00142033,SW55 6DS,661367229909,Glenn,c1698739642034979014,O'Brien,2,20,11,2015,4,q9865564994503850
h23347880190039393,"Flat 00
Buckley mews, New Dennis",316,E00164531,W68 7AJ,481935627376,Ben,c4142364420258141661,Young,2,7,5,1969,50,q7543171596154274
h17889683012301766,"Studio 37
Watts station, Joycebury",292,E00142055,WN4 5FZ,179714788384,Nicholas,c6292430431970131816,Chandler,-9,4,5,1990,29,q8245128741808527
h81023721279044890,"201 Blake light, Metcalfeport",458,E00164617,W5 3EH,716993935776,Lynn,c2586200384226390686,Little,2,1,2,2017,2,q5429929059034551
h32612596584410934,"Flat 94
Hutchinson overpass, Marcusbury",68,E00119783,B3 6LW,727660594875,Elliot,c8836148549818708467,Moran,-7,22,2,1923,96,q6240964540142309
h62275230478762348,"36 Wilson parkway, Kieranville",175,E00135709,TS3E 5WP,394702007300,Caroline,c5297019824563354967,Rogers,2,29,9,1945,74,q2972696681816303
h61912454329840718,"74 Elizabeth square, Port Katherineport",203,E00120159,LE20 5RG,505386550484,Emma,c3656172700383685088,Bishop,1,4,1,1980,39,q1318939889343136
h40012055808023741,"Studio 53J
Samantha greens, New Mark",340,E00037288,BD6 8HL,636014955614,Michelle,c1168874172166893112,Jones,1,4,8,2016,3,q3564286122832374
h81651729490370992,"557 Gregory terrace, Hughfurt",796,E00165492,G3 2EY,368800052109,Emily,c2867327714717979114,Clayton,1,10,9,1987,32,q4932494332595064
h42245213559678451,"Flat 59b
Alan fall, South Albert",466,E00152601,NR2 5QS,829733422816,Gary,c2944774958961208176,Horton,1,29,12,1924,95,q1268491891551629
h62613338800161534,"608 Derek street, Stuartshire",780,E00135407,SY7P 7LW,259308325025,Rachel,c2420309803973276425,Black,-9,23,5,1946,73,q2829938442204693
h33658569547845854,"Studio 04
Kimberley neck, Walkerburgh",446,E00164621,L9G 3NT,275284220321,Shirley,c1150844159548858924,Black,2,5,3,1952,67,q9595397900721908
h75471548858010363,"Flat 2
Kelly green, East Mathew",772,E00037289,DT84 4QR,247243558581,Elaine,c4860775161356663876,Williams,-9,14,7,1989,30,q5966581200446377
h64583688652898842,"Studio 54A
Smith roads, O'Sullivanbury",983,E00165471,AB6W 9UU,198541393893,Darren,c5361618365325533196,Barton,-7,5,5,1960,59,q4793704494914455
,"3 Smith wells, North Gareth",643,E00135447,G6U 9FS,90336451303,Oliver,c2918021160450340088,Roberts,-7,7,3,1978,41,
h10717722194718138,"4 Geraldine junctions, North Shane",450,E00135639,B25 3JS,955217764610,Roger,c1409213310158947599,Hall,2,5,5,1988,31,q8759939936221828
h86195056388104193,"5 Greenwood canyon, Coxville",922,E00163846,N2T 7US,999818047108,Christian,c5402672227035125094,James,1,29,12,1973,46,q1157196593109435
h24560978966389360,"5 Douglas forks, North Kimland",51,E00141278,BA2 1AJ,81832239380,Alison,c9077202536432820769,Cooke,2,12,9,1904,115,q7226385024715619
h18907281917149029,"36 Amy turnpike, North Terryhaven",376,E00141224,B2K 0WS,943042860212,Garry,c6692543613895055276,Wall,1,7,9,1928,91,q7643663940315572
h33403385655387257,"Studio 32g
Stephanie street, Robertsfurt",504,E00037189,CM3M 6XJ,315124557273,Claire,c1766569889466709394,Evans,1,5,3,1984,35,q4502893045998031
h64285075754279344,"Studio 9
Fry tunnel, Littlehaven",426,E00037346,W8K 4XQ,555676742730,Gail,c2327272065192863535,Phillips,1,22,1,2006,13,q5832014298457979
h57866804785991731,"Flat 3
Thompson corner, Hortonhaven",112,E00037261,DA9B 0BQ,704409604806,Dawn,c4276633780674647385,Hussain,-9,3,5,1928,91,q2692601305539559
h14446932697784137,"Flat 33
Tucker point, Clivechester",736,E00135722,EH2 5BP,87903807513,Benjamin,c8693826854203526192,Marshall,2,26,10,1909,110,q4401994048073124
h61201760737481138,"Studio 2
Smith centers, Baileyborough",903,E00135797,N8 6PZ,497055397031,Ben,c1243234484225974612,Reynolds,-7,1,4,1945,74,q5088037891188314
h42320031462971489,"8 Baker stravenue, East Adrian",706,E00120135,BL48 5WT,872879897814,Brandon,c8938559218848212115,Webb,1,10,1,1909,110,q6708694958977331
h21030050239454679,"Studio 98
Maureen station, Port Jacquelinehaven",736,E00172214,NN51 0LH,387714410942,Tony,c3007948779097468026,Moore,2,19,2,1930,89,q9266323072987052
h33298787942945801,"770 Richardson lake, Masonside",360,E00135551,M41 2PN,907268828794,Susan,c6479191586480894283,Patel,2,25,8,1913,106,q4686604427201600
h90263132319167311,"Studio 90O
Rees crossroad, Hudsonport",208,E00135795,SA56 4EP,489493219440,Patricia,c4923424059704850650,Rowe,1,6,11,1942,77,q9654220872268071
h11646620802748470,"841 Miller brook, West Jacob",860,E00153584,HR9Y 0EP,715583484630,Natalie,c7024961990495920126,Kaur,1,11,3,1989,30,q7805657702469879
h16111627175753669,"845 Wilson vista, North Peter",988,E00119886,PR1 8BN,920288586931,Helen,c8075995735326995674,Ellis,-7,2,4,1981,38,q6865857751290978
h88333598942606233,"Studio 89n
Price trace, East Callum",804,E00120057,M0D 6SH,719923244338,Callum,c6686989088452831742,Carey,1,17,2,1995,24,q3957446822708592
h64592819798817020,"48 Mark mews, Abbiechester",528,E00141229,N38 0LL,556601594873,Suzanne,c3301829308653805379,White,1,22,2,1984,35,q2968559737855287
h48309401780614078,"Studio 19
Carter rue, Lyndaport",911,E00152512,L71 6ER,368207092295,Kim,c5816508962024991884,Randall,2,14,9,1922,97,q9302684076449747
h39670519121253460,"200 Stephanie parkways, Abigailport",51,E00141231,M45 4QA,913547794034,Geraldine,c4425645349827200411,Marshall,1,26,9,1943,76,q1502434194489949
h66978721679482678,"Studio 12w
Ellie ville, New Marcusbury",524,E00153679,WA05 5TT,703651980891,Emma,c2045912238188319938,Pope,2,12,7,1944,75,q3956598073619438
h19140611165186986,"09 Carly extension, Marymouth",60,E00169947,L3 3BZ,462961324046,Billy,c5366335031019408731,Buckley,2,14,12,1939,80,q2860564835057233
h91281267385878363,"Studio 61
Richard keys, Ashleyville",140,E00152649,N6 7LS,806734631944,Marc,c8012565911895106220,Smith,1,31,10,2017,2,q5848215916274193
h26807139935651518,"93 Bethany wells, Geraldinetown",112,E00164606,SW4 8RG,831820227799,Ronald,c5205842051324957287,Hill,-7,1,11,1909,110,q6178799620093653
h51137929355673570,"4 Aimee lights, North Julie",772,E00141266,L8 1TR,943986858218,Leslie,c4505240714412955237,Carr,-9,2,7,1912,107,q5293015203438088
h49783436182803953,"Flat 18
Jacob hollow, East Ben",90,E00037158,B7 2RB,680780363669,Rosemary,c6993942794166101025,Scott,2,17,5,1914,105,q1502418617524919
h49358953005441892,"07 Glenn canyon, New Geoffreyville",48,E00164044,SK8B 9HB,140310697058,Leon,c5666587108982786858,Turner,-7,29,6,1924,95,q2309457151180226
h72549704019957837,"1 Davies route, East Graeme",470,E00152563,B92 1WX,192139815654,Glenn,c5066027192594998076,Burns,-7,4,1,1992,27,q1083012212419822
h58139844443021033,"Flat 27
Turner drive, North Joanview",140,E00135724,SS4B 2DB,686335842497,Linda,c6990844257689869167,Lowe,-9,4,2,1919,100,q6719485436708855
h65077604328600679,"67 Dean cape, Deanshire",158,E00120059,G5U 2SB,884886184373,Glenn,c1932860527236845763,Bailey,1,20,1,2018,1,q4382231653630569
h52056516353819473,"Studio 26
Wright cape, Millsmouth",214,E00135831,B94 6DZ,976290252472,Dominic,c8435074907481187578,Wilkinson,-9,29,10,1965,54,q7267878387825970
h73488433938853317,"828 Robert extension, West Elizabeth",124,E00164508,DT8 6XB,253844677051,Albert,c8349800458235152976,Begum,-7,5,8,1939,80,q7600634318619646
h98793155927892563,"Flat 8
Claire spur, West Elliottfurt",660,E00135651,E8K 8AF,261945323125,Bernard,c5550279747871829368,Hunt,-7,29,12,1953,66,q4864458730452074
h45238324823499482,"2 Rosie hill, East Barryside",64,E00165544,G5W 1XG,413622076948,Fiona,c3074669403679605368,Begum,-7,27,6,1969,50,q8546046680883448
h87682383148632793,"Studio 37
Melanie dale, Stevensport",604,E00120158,N0 9YT,636077798911,Barry,c6517098643005541544,Johnson,-7,6,10,1999,20,q5824356210103114
h37737326024868473,"1 Holloway island, Louisebury",988,E00120045,CV3 4RJ,419339875604,Aimee,c1092562423057693079,Carr,1,19,11,1948,71,q6303632887113634
h12903411705459971,"Studio 37r
Marcus valleys, Donnafurt",222,E00170129,HG2 7NL,187066858093,Christian,c2269904055335277172,Bennett,2,27,3,1922,97,q4121569956180518
h45890108908114271,"922 Simpson shoals, North Liam",308,E00153474,FY3X 0XB,36503515716,Gregory,c1744138489788244973,Singh,1,6,3,1971,48,q9975333902357512
h58394717990816076,"05 Smith vista, Carolinefort",48,E00142175,S93 5BS,237009200571,Eleanor,c1796935280571461935,Mason,2,16,12,1996,23,q2183567653645362
h71673954693134184,"0 Neil mews, Lake Shane",991,E00164605,B2U 1LZ,619501079688,Charlotte,c6616276811020802653,Phillips,-9,8,3,1906,113,q7835042838086006
h21409882105571731,"Flat 84
Young circle, Sophiebury",208,E00142122,S0H 3HT,950281215430,Stuart,c3747248464403771489,West,1,28,4,1929,90,q6196294496463188
,"668 Brown parks, Marionville",578,E00142228,TD2 2EA,128298855217,Sheila,c6803977195829341439,Thompson,-9,15,1,1978,41,
h65787050707193973,"Studio 55b
Jones island, Francisfurt",585,E00135814,L13 5QW,538052966298,Judith,c8325700664888098722,Roberts,2,17,4,2012,7,q6003610919942724
h95095327068760002,"549 Barker streets, Elliston",798,E00120025,M9D 9DB,322424450328,Dale,c2095618223568764561,Lamb,-9,3,1,2004,15,q1755749704387723
h92913648589690176,"36 Jasmine fields, Ellieberg",772,E00135539,RH85 2NG,106148606772,Amber,c1817997445651957652,Davies,2,2,12,1990,29,q3218997124000451
h35389635973196813,"576 Abdul rest, Evansburgh",562,E00152517,N8G 3PP,248602633644,Lynda,c3689771500226287653,Shaw,2,29,7,1953,66,q6303794323922392
h99371035822133021,"Studio 42d
Olivia groves, East Kirstyberg",499,E00165433,B1 7XT,165160108482,Wayne,c8115581456842243540,Nicholls,1,3,7,1986,33,q5043776029424614
h28607182767874788,"5 Sian dam, Berrychester",987,E00135815,BT8 6WX,831425417057,Jennifer,c5292662455134936883,Chadwick,-7,9,2,1909,110,q3294332204644259
h31547478053840559,"Flat 98
Jay shore, North Maria",304,E00119817,BB33 7EN,806846766775,Lynne,c7988896252679546483,Davies,1,15,2,1946,73,q7742139435065466
h40354768752909814,"Studio 44g
Smith trafficway, South Neiltown",214,E00120052,G3 9TA,992462131929,Jennifer,c6973634266912650085,Holland,-9,20,11,1953,66,q5498311096002569
h73846866230156597,"5 Carpenter shoal, Port Jane",180,E00153565,FK1E 6PX,1892389333,Marc,c8295284192178232147,Davison,-7,14,2,1931,88,q6938052037838118
h33298787942945801,"1 Walker estates, Fosterville",242,E00165341,HG6 5HB,841399433958,Bernard,c4397164530055635415,Barlow,2,2,11,1930,89,q4686604427201600
h16639086402338668,"Flat 8
Hardy overpass, Bethanville",931,E00135798,W1S 7GA,996591485990,Joyce,c7500021624812481404,Norris,-9,24,1,1977,42,q9419145291976249
h92666408568414170,"210 Davies brooks, Wrightburgh",795,E00119811,B8A 1PT,289929423448,Heather,c4580235538732605369,Perry,-9,27,12,1950,69,q2232555380006672
h29261500238530426,"53 Gillian locks, South Edward",660,E00135834,TR3 5EX,408707958386,Neil,c2200307251482424434,Gardner,-7,4,10,1933,86,q1818784635933087
h96680039351296890,"1 Denise wall, Lamberttown",258,E00037359,G39 2AY,760199956218,Denis,c4529163824684841539,Stevenson,1,25,5,1944,75,q5053691840729215
h20115817552041773,"521 Williams orchard, Port Paulaberg",702,E00153405,E8 1EQ,485495875648,Gillian,c1620899641171493120,Jones,-7,7,5,2005,14,q1585576509871795
h99343520647024300,"566 Wright wells, O'Sullivanview",266,E00152631,N8A 1UP,846404948095,Douglas,c1591235148630195673,Anderson,-9,1,10,1925,94,q8725325757875444
h76413470101808985,"59 Moss courts, Port Juneton",32,E00164595,LN2 0WS,104123313195,Heather,c3941169395267344302,Matthews,-7,20,4,2004,15,q2855313346337885
h99681241484019391,"1 Dawson way, West Antonyburgh",250,E00120173,PR3P 7PD,951309171691,Glen,c3804209478354223203,Moss,-7,17,10,1953,66,q4481569627613456
,"Studio 01
Thomas meadow, Brookesmouth",474,E00142122,FK95 5SU,873318477371,Paul,c7479664702377404848,Taylor,-7,3,5,2014,5,
h27175702707505033,"1 Jasmine fork, Stevenmouth",894,E00120017,M6T 4UZ,566371719677,Roger,c7209101864309227239,Hunt,1,26,2,1965,54,q3671606288587730
h28219646175810981,"Studio 23I
Chloe branch, East Matthew",214,E00165488,E9C 3HQ,117915082628,Alice,c3872971387498752952,Singh,2,14,8,2008,11,q5507669228318505
h74550566590619132,"Flat 2
Gareth mountains, Gallagherchester",654,E00164631,OL8X 0EH,372634183364,Sally,c7449889897091974353,Cross,-7,30,10,1985,34,q3230063464632255
h15325214564246228,"Studio 09A
Carter place, New Rickymouth",902,E00120046,M14 1TA,984917910875,Wayne,c8263469181505945518,Clayton,1,8,8,1947,72,q9803245903494036
h34330645745046774,"206 West fords, New George",500,E00141253,CH44 2EL,167278342523,Margaret,c4577415206958961319,Mahmood,1,23,5,2006,13,q8685776939081396
h29759982911960907,"05 Stephen island, Vincenttown",334,E00120060,CT52 7LS,432667997031,Joel,c3911788587806104063,Wilkinson,-9,5,6,1918,101,q5661652671128774
h60670985171399023,"Flat 03
Bevan extensions, Holmesstad",56,E00135668,N6F 3ZD,561157035445,Susan,c9201570689854063047,Whittaker,-7,24,2,1935,84,q1328896136896334
h39424153997992325,"53 Melissa alley, Grantland",208,E00120132,E5J 2XG,817523841420,Danny,c5976252690752516039,Jones,2,17,3,1913,106,q8316896195181102
h63058517761881504,"Flat 5
Leanne ports, Port Mollyborough",92,E00164538,M20 9LB,584082109072,Elizabeth,c7059720393830773328,Bell,-7,6,7,1908,111,q7275412581709413
h77872347436822755,"7 Chan stravenue, North Scott",458,E00135486,DE68 4PW,980972109072,Julie,c2039708537171862818,Miah,-7,29,6,1905,114,q5651009219446102
h73143837515093379,"19 Green streets, Jordanhaven",368,E00135563,SK3 5ZU,62921596370,Ross,c3124302139755777514,Reid,1,16,2,1953,66,q9568259437672625
h31020121036191756,"2 Hodgson landing, Port Jane",984,E00135450,SP8 5TH,321358215168,David,c3255367319697276638,Stewart,-9,19,8,1968,51,q5352204488746519
h93699447963652358,"Flat 17
Wilkins fields, Pearsonbury",578,E00171585,N9 6BQ,311028007093,Jessica,c3469261791793222780,Martin,-9,24,11,1919,100,q1225206991582562
h62430628874869006,"780 James ford, Kevinburgh",616,E00120074,E14 7FW,622523872360,Luke,c4101997635459975495,Williams,-7,7,9,1976,43,q5305340837295209
h44543729239919006,"4 Sophie squares, Brendamouth",31,E00119938,NG1E 7JA,808248651008,Stacey,c5443194414894878704,Reynolds,1,22,9,2000,19,q2652831376215497
h97158739743618912,"Flat 07H
Adams falls, Rickyberg",740,E00120114,M2 5NJ,854933445125,Hayley,c2561561507569117870,Brown,-9,18,3,2013,6,q5715593426015461
h88940640140833586,"Flat 35
Joseph junctions, Morganchester",558,E00120162,G0 8FX,777111375707,Daniel,c8903252127213747525,Kirk,1,29,2,1956,63,q2135508403112064
h35573194664944616,"Flat 69
Marie lodge, Mohammadton",254,E00165520,EX71 3PB,572366333070,Kate,c7784601138919662067,Wright,-7,25,12,2012,7,q5655058633047346
h76508993745067096,"52 Ann villages, New Francis",662,E00120174,WF9 8XW,524745819698,Sian,c3177978816989411558,Simpson,-9,5,12,1979,40,q3938594416850991
h56727275473964498,"Flat 8
Allen plain, New Holly",583,E00119927,B5 0QF,399629415910,Sharon,c7438871464631994705,Fletcher,-9,5,12,1910,109,q2340864384605801
h21444503117023931,"Flat 0
Barbara drives, Port Sarah",360,E00120127,NP6 7JJ,912069170848,Aimee,c1543415976086904399,Collins,2,23,11,1981,38,q1912504821381165
h22268597872324506,"370 Joyce mission, Brennanview",756,E00153401,B36 9TW,406064141443,Georgina,c6407820458000692420,Fitzgerald,1,28,6,2009,10,q1635977094594138
h53211495417592885,"Flat 60
Byrne flats, Port Kate",985,E00163946,LS7Y 6NW,980214637539,Stuart,c4065549786662164580,Singh,-9,16,2,1918,101,q4058133621740651
h22323046033450561,"Studio 9
Barker forks, East Joeview",275,E00153678,WV21 3SU,184233877883,Marilyn,c3771199589001553925,Lewis,-9,18,3,1934,85,q4338866886781515
h92592540712037303,"556 Gordon cape, Katieberg",450,E00165421,M5H 9RE,157586200956,Stephanie,c2650935900581240700,Wood,-9,4,8,1914,105,q4351754340868382
h19725714004358662,"Flat 23
Newton turnpike, Brownview",984,E00169857,L2S 2YQ,37367687081,Abbie,c5083746098809634626,Knowles,-7,15,6,1924,95,q7284431444380786
h62605417803682116,"4 Jones inlet, North Josh",688,E00153641,LD4 0QH,124161266917,Rita,c2621249823827118809,Russell,-9,26,1,1910,109,q2734568369238276
h91898411213387946,"Studio 0
Gregory station, Stephenborough",454,E00169850,RM4P 6QY,542308951497,Raymond,c1273923507458515545,Lewis,-7,29,4,1984,35,q9071655067704837
h72334460010886300,"01 Peter keys, North Lawrenceside",426,E00165606,G12 5TQ,177918171494,Alan,c1578358589237116650,Lewis,2,11,4,1995,24,q2677260438503771
,"671 Jacqueline court, North Charlotte",578,E00135392,G8 1SB,286387822497,Terry,c4194156294721212450,Kaur,1,22,8,1905,114,
